source_nis,source_name,source_vintage,target_nis,target_name,target_vintage,effective_date,relationship,source_url
11001,Aartselaar,nis_2019_2024,11001,Aartselaar,nis_2025,2019-01-01,unchanged,https://statbel.fgov.be/sites/default/files/Over_Statbel_FR/Nomenclaturen/REFNIS_2025.csv
11002,Antwerpen,nis_2019_2024,11002,Antwerpen,nis_2025,2025-01-01,merged,https://statbel.fgov.be/sites/default/files/Over_Statbel_FR/Nomenclaturen/REFNIS_2025.csv
11004,Boechout,nis_2019_2024,11004,Boechout,nis_2025,2019-01-01,unchanged,https://statbel.fgov.be/sites/default/files/Over_Statbel_FR/Nomenclaturen/REFNIS_2025.csv
11005,Boom,nis_2019_2024,11005,Boom,nis_2025,2019-01-01,unchanged,https://statbel.fgov.be/sites/default/files/Over_Statbel_FR/Nomenclaturen/REFNIS_2025.csv
11007,Borsbeek,nis_2019_2024,11002,Antwerpen,nis_2025,2025-01-01,merged,https://statbel.fgov.be/sites/default/files/Over_Statbel_FR/Nomenclaturen/REFNIS_2025.csv
11008,Brasschaat,nis_2019_2024,11008,Brasschaat,nis_2025,2019-01-01,unchanged,https://statbel.fgov.be/sites/default/files/Over_Statbel_FR/Nomenclaturen/REFNIS_2025.csv
11009,Brecht,nis_2019_2024,11009,Brecht,nis_2025,2019-01-01,unchanged,https://statbel.fgov.be/sites/default/files/Over_Statbel_FR/Nomenclaturen/REFNIS_2025.csv
11013,Edegem,nis_2019_2024,11013,Edegem,nis_2025,2019-01-01,unchanged,https://statbel.fgov.be/sites/default/files/Over_Statbel_FR/Nomenclaturen/REFNIS_2025.csv
11016,Essen,nis_2019_2024,11016,Essen,nis_2025,2019-01-01,unchanged,https://statbel.fgov.be/sites/default/files/Over_Statbel_FR/Nomenclaturen/REFNIS_2025.csv
11018,Hemiksem,nis_2019_2024,11018,Hemiksem,nis_2025,2019-01-01,unchanged,https://statbel.fgov.be/sites/default/files/Over_Statbel_FR/Nomenclaturen/REFNIS_2025.csv
11021,Hove,nis_2019_2024,11021,Hove,nis_2025,2019-01-01,unchanged,https://statbel.fgov.be/sites/default/files/Over_Statbel_FR/Nomenclaturen/REFNIS_2025.csv
11022,Kalmthout,nis_2019_2024,11022,Kalmthout,nis_2025,2019-01-01,unchanged,https://statbel.fgov.be/sites/default/files/Over_Statbel_FR/Nomenclaturen/REFNIS_2025.csv
11023,Kapellen,nis_2019_2024,11023,Kapellen,nis_2025,2019-01-01,unchanged,https://statbel.fgov.be/sites/default/files/Over_Statbel_FR/Nomenclaturen/REFNIS_2025.csv
11024,Kontich,nis_2019_2024,11024,Kontich,nis_2025,2019-01-01,unchanged,https://statbel.fgov.be/sites/default/files/Over_Statbel_FR/Nomenclaturen/REFNIS_2025.csv
11025,Lint,nis_2019_2024,11025,Lint,nis_2025,2019-01-01,unchanged,https://statbel.fgov.be/sites/default/files/Over_Statbel_FR/Nomenclaturen/REFNIS_2025.csv
11029,Mortsel,nis_2019_2024,11029,Mortsel,nis_2025,2019-01-01,unchanged,https://statbel.fgov.be/sites/default/files/Over_Statbel_FR/Nomenclaturen/REFNIS_2025.csv
11030,Niel,nis_2019_2024,11030,Niel,nis_2025,2019-01-01,unchanged,https://statbel.fgov.be/sites/default/files/Over_Statbel_FR/Nomenclaturen/REFNIS_2025.csv
11035,Ranst,nis_2019_2024,11035,Ranst,nis_2025,2019-01-01,unchanged,https://statbel.fgov.be/sites/default/files/Over_Statbel_FR/Nomenclaturen/REFNIS_2025.csv
11037,Rumst,nis_2019_2024,11037,Rumst,nis_2025,2019-01-01,unchanged,https://statbel.fgov.be/sites/default/files/Over_Statbel_FR/Nomenclaturen/REFNIS_2025.csv
11038,Schelle,nis_2019_2024,11038,Schelle,nis_2025,2019-01-01,unchanged,https://statbel.fgov.be/sites/default/files/Over_Statbel_FR/Nomenclaturen/REFNIS_2025.csv
11039,Schilde,nis_2019_2024,11039,Schilde,nis_2025,2019-01-01,unchanged,https://statbel.fgov.be/sites/default/files/Over_Statbel_FR/Nomenclaturen/REFNIS_2025.csv
11040,Schoten,nis_2019_2024,11040,Schoten,nis_2025,2019-01-01,unchanged,https://statbel.fgov.be/sites/default/files/Over_Statbel_FR/Nomenclaturen/REFNIS_2025.csv
11044,Stabroek,nis_2019_2024,11044,Stabroek,nis_2025,2019-01-01,unchanged,https://statbel.fgov.be/sites/default/files/Over_Statbel_FR/Nomenclaturen/REFNIS_2025.csv
11050,Wijnegem,nis_2019_2024,11050,Wijnegem,nis_2025,2019-01-01,unchanged,https://statbel.fgov.be/sites/default/files/Over_Statbel_FR/Nomenclaturen/REFNIS_2025.csv
11052,Wommelgem,nis_2019_2024,11052,Wommelgem,nis_2025,2019-01-01,unchanged,https://statbel.fgov.be/sites/default/files/Over_Statbel_FR/Nomenclaturen/REFNIS_2025.csv
11053,Wuustwezel,nis_2019_2024,11053,Wuustwezel,nis_2025,2019-01-01,unchanged,https://statbel.fgov.be/sites/default/files/Over_Statbel_FR/Nomenclaturen/REFNIS_2025.csv
11054,Zandhoven,nis_2019_2024,11054,Zandhoven,nis_2025,2019-01-01,unchanged,https://statbel.fgov.be/sites/default/files/Over_Statbel_FR/Nomenclaturen/REFNIS_2025.csv
11055,Zoersel,nis_2019_2024,11055,Zoersel,nis_2025,2019-01-01,unchanged,https://statbel.fgov.be/sites/default/files/Over_Statbel_FR/Nomenclaturen/REFNIS_2025.csv
11056,Zwijndrecht,nis_2019_2024,46030,Beveren-Kruibeke-Zwijndrecht,nis_2025,2025-01-01,merged,https://statbel.fgov.be/sites/default/files/Over_Statbel_FR/Nomenclaturen/REFNIS_2025.csv
11057,Malle,nis_2019_2024,11057,Malle,nis_2025,2019-01-01,unchanged,https://statbel.fgov.be/sites/default/files/Over_Statbel_FR/Nomenclaturen/REFNIS_2025.csv
12002,Berlaar,nis_2019_2024,12002,Berlaar,nis_2025,2019-01-01,unchanged,https://statbel.fgov.be/sites/default/files/Over_Statbel_FR/Nomenclaturen/REFNIS_2025.csv
12005,Bonheiden,nis_2019_2024,12005,Bonheiden,nis_2025,2019-01-01,unchanged,https://statbel.fgov.be/sites/default/files/Over_Statbel_FR/Nomenclaturen/REFNIS_2025.csv
12007,Bornem,nis_2019_2024,12007,Bornem,nis_2025,2019-01-01,unchanged,https://statbel.fgov.be/sites/default/files/Over_Statbel_FR/Nomenclaturen/REFNIS_2025.csv
12009,Duffel,nis_2019_2024,12009,Duffel,nis_2025,2019-01-01,unchanged,https://statbel.fgov.be/sites/default/files/Over_Statbel_FR/Nomenclaturen/REFNIS_2025.csv
12014,Heist-op-den-Berg,nis_2019_2024,12014,Heist-op-den-Berg,nis_2025,2019-01-01,unchanged,https://statbel.fgov.be/sites/default/files/Over_Statbel_FR/Nomenclaturen/REFNIS_2025.csv
12021,Lier,nis_2019_2024,12021,Lier,nis_2025,2019-01-01,unchanged,https://statbel.fgov.be/sites/default/files/Over_Statbel_FR/Nomenclaturen/REFNIS_2025.csv
12025,Mechelen,nis_2019_2024,12025,Mechelen,nis_2025,2019-01-01,unchanged,https://statbel.fgov.be/sites/default/files/Over_Statbel_FR/Nomenclaturen/REFNIS_2025.csv
12026,Nijlen,nis_2019_2024,12026,Nijlen,nis_2025,2019-01-01,unchanged,https://statbel.fgov.be/sites/default/files/Over_Statbel_FR/Nomenclaturen/REFNIS_2025.csv
12029,Putte,nis_2019_2024,12029,Putte,nis_2025,2019-01-01,unchanged,https://statbel.fgov.be/sites/default/files/Over_Statbel_FR/Nomenclaturen/REFNIS_2025.csv
12035,Sint-Katelijne-Waver,nis_2019_2024,12035,Sint-Katelijne-Waver,nis_2025,2019-01-01,unchanged,https://statbel.fgov.be/sites/default/files/Over_Statbel_FR/Nomenclaturen/REFNIS_2025.csv
12040,Willebroek,nis_2019_2024,12040,Willebroek,nis_2025,2019-01-01,unchanged,https://statbel.fgov.be/sites/default/files/Over_Statbel_FR/Nomenclaturen/REFNIS_2025.csv
12041,Puurs-Sint-Amands,nis_2019_2024,12041,Puurs-Sint-Amands,nis_2025,2019-01-01,unchanged,https://statbel.fgov.be/sites/default/files/Over_Statbel_FR/Nomenclaturen/REFNIS_2025.csv
13001,Arendonk,nis_2019_2024,13001,Arendonk,nis_2025,2019-01-01,unchanged,https://statbel.fgov.be/sites/default/files/Over_Statbel_FR/Nomenclaturen/REFNIS_2025.csv
13002,Baarle-Hertog,nis_2019_2024,13002,Baarle-Hertog,nis_2025,2019-01-01,unchanged,https://statbel.fgov.be/sites/default/files/Over_Statbel_FR/Nomenclaturen/REFNIS_2025.csv
13003,Balen,nis_2019_2024,13003,Balen,nis_2025,2019-01-01,unchanged,https://statbel.fgov.be/sites/default/files/Over_Statbel_FR/Nomenclaturen/REFNIS_2025.csv
13004,Beerse,nis_2019_2024,13004,Beerse,nis_2025,2019-01-01,unchanged,https://statbel.fgov.be/sites/default/files/Over_Statbel_FR/Nomenclaturen/REFNIS_2025.csv
13006,Dessel,nis_2019_2024,13006,Dessel,nis_2025,2019-01-01,unchanged,https://statbel.fgov.be/sites/default/files/Over_Statbel_FR/Nomenclaturen/REFNIS_2025.csv
13008,Geel,nis_2019_2024,13008,Geel,nis_2025,2019-01-01,unchanged,https://statbel.fgov.be/sites/default/files/Over_Statbel_FR/Nomenclaturen/REFNIS_2025.csv
13010,Grobbendonk,nis_2019_2024,13010,Grobbendonk,nis_2025,2019-01-01,unchanged,https://statbel.fgov.be/sites/default/files/Over_Statbel_FR/Nomenclaturen/REFNIS_2025.csv
13011,Herentals,nis_2019_2024,13011,Herentals,nis_2025,2019-01-01,unchanged,https://statbel.fgov.be/sites/default/files/Over_Statbel_FR/Nomenclaturen/REFNIS_2025.csv
13012,Herenthout,nis_2019_2024,13012,Herenthout,nis_2025,2019-01-01,unchanged,https://statbel.fgov.be/sites/default/files/Over_Statbel_FR/Nomenclaturen/REFNIS_2025.csv
13013,Herselt,nis_2019_2024,13013,Herselt,nis_2025,2019-01-01,unchanged,https://statbel.fgov.be/sites/default/files/Over_Statbel_FR/Nomenclaturen/REFNIS_2025.csv
13014,Hoogstraten,nis_2019_2024,13014,Hoogstraten,nis_2025,2019-01-01,unchanged,https://statbel.fgov.be/sites/default/files/Over_Statbel_FR/Nomenclaturen/REFNIS_2025.csv
13016,Hulshout,nis_2019_2024,13016,Hulshout,nis_2025,2019-01-01,unchanged,https://statbel.fgov.be/sites/default/files/Over_Statbel_FR/Nomenclaturen/REFNIS_2025.csv
13017,Kasterlee,nis_2019_2024,13017,Kasterlee,nis_2025,2019-01-01,unchanged,https://statbel.fgov.be/sites/default/files/Over_Statbel_FR/Nomenclaturen/REFNIS_2025.csv
13019,Lille,nis_2019_2024,13019,Lille,nis_2025,2019-01-01,unchanged,https://statbel.fgov.be/sites/default/files/Over_Statbel_FR/Nomenclaturen/REFNIS_2025.csv
13021,Meerhout,nis_2019_2024,13021,Meerhout,nis_2025,2019-01-01,unchanged,https://statbel.fgov.be/sites/default/files/Over_Statbel_FR/Nomenclaturen/REFNIS_2025.csv
13023,Merksplas,nis_2019_2024,13023,Merksplas,nis_2025,2019-01-01,unchanged,https://statbel.fgov.be/sites/default/files/Over_Statbel_FR/Nomenclaturen/REFNIS_2025.csv
13025,Mol,nis_2019_2024,13025,Mol,nis_2025,2019-01-01,unchanged,https://statbel.fgov.be/sites/default/files/Over_Statbel_FR/Nomenclaturen/REFNIS_2025.csv
13029,Olen,nis_2019_2024,13029,Olen,nis_2025,2019-01-01,unchanged,https://statbel.fgov.be/sites/default/files/Over_Statbel_FR/Nomenclaturen/REFNIS_2025.csv
13031,Oud-Turnhout,nis_2019_2024,13031,Oud-Turnhout,nis_2025,2019-01-01,unchanged,https://statbel.fgov.be/sites/default/files/Over_Statbel_FR/Nomenclaturen/REFNIS_2025.csv
13035,Ravels,nis_2019_2024,13035,Ravels,nis_2025,2019-01-01,unchanged,https://statbel.fgov.be/sites/default/files/Over_Statbel_FR/Nomenclaturen/REFNIS_2025.csv
13036,Retie,nis_2019_2024,13036,Retie,nis_2025,2019-01-01,unchanged,https://statbel.fgov.be/sites/default/files/Over_Statbel_FR/Nomenclaturen/REFNIS_2025.csv
13037,Rijkevorsel,nis_2019_2024,13037,Rijkevorsel,nis_2025,2019-01-01,unchanged,https://statbel.fgov.be/sites/default/files/Over_Statbel_FR/Nomenclaturen/REFNIS_2025.csv
13040,Turnhout,nis_2019_2024,13040,Turnhout,nis_2025,2019-01-01,unchanged,https://statbel.fgov.be/sites/default/files/Over_Statbel_FR/Nomenclaturen/REFNIS_2025.csv
13044,Vorselaar,nis_2019_2024,13044,Vorselaar,nis_2025,2019-01-01,unchanged,https://statbel.fgov.be/sites/default/files/Over_Statbel_FR/Nomenclaturen/REFNIS_2025.csv
13046,Vosselaar,nis_2019_2024,13046,Vosselaar,nis_2025,2019-01-01,unchanged,https://statbel.fgov.be/sites/default/files/Over_Statbel_FR/Nomenclaturen/REFNIS_2025.csv
13049,Westerlo,nis_2019_2024,13049,Westerlo,nis_2025,2019-01-01,unchanged,https://statbel.fgov.be/sites/default/files/Over_Statbel_FR/Nomenclaturen/REFNIS_2025.csv
13053,Laakdal,nis_2019_2024,13053,Laakdal,nis_2025,2019-01-01,unchanged,https://statbel.fgov.be/sites/default/files/Over_Statbel_FR/Nomenclaturen/REFNIS_2025.csv
21001,Anderlecht,nis_2019_2024,21001,Anderlecht,nis_2025,2019-01-01,unchanged,https://statbel.fgov.be/sites/default/files/Over_Statbel_FR/Nomenclaturen/REFNIS_2025.csv
21002,Auderghem,nis_2019_2024,21002,Auderghem,nis_2025,2019-01-01,unchanged,https://statbel.fgov.be/sites/default/files/Over_Statbel_FR/Nomenclaturen/REFNIS_2025.csv
21003,Berchem-Sainte-Agathe,nis_2019_2024,21003,Berchem-Sainte-Agathe,nis_2025,2019-01-01,unchanged,https://statbel.fgov.be/sites/default/files/Over_Statbel_FR/Nomenclaturen/REFNIS_2025.csv
21004,Brussels,nis_2019_2024,21004,Brussels,nis_2025,2019-01-01,unchanged,https://statbel.fgov.be/sites/default/files/Over_Statbel_FR/Nomenclaturen/REFNIS_2025.csv
21005,Etterbeek,nis_2019_2024,21005,Etterbeek,nis_2025,2019-01-01,unchanged,https://statbel.fgov.be/sites/default/files/Over_Statbel_FR/Nomenclaturen/REFNIS_2025.csv
21006,Evere,nis_2019_2024,21006,Evere,nis_2025,2019-01-01,unchanged,https://statbel.fgov.be/sites/default/files/Over_Statbel_FR/Nomenclaturen/REFNIS_2025.csv
21007,Forest,nis_2019_2024,21007,Forest,nis_2025,2019-01-01,unchanged,https://statbel.fgov.be/sites/default/files/Over_Statbel_FR/Nomenclaturen/REFNIS_2025.csv
21008,Ganshoren,nis_2019_2024,21008,Ganshoren,nis_2025,2019-01-01,unchanged,https://statbel.fgov.be/sites/default/files/Over_Statbel_FR/Nomenclaturen/REFNIS_2025.csv
21009,Ixelles,nis_2019_2024,21009,Ixelles,nis_2025,2019-01-01,unchanged,https://statbel.fgov.be/sites/default/files/Over_Statbel_FR/Nomenclaturen/REFNIS_2025.csv
21010,Jette,nis_2019_2024,21010,Jette,nis_2025,2019-01-01,unchanged,https://statbel.fgov.be/sites/default/files/Over_Statbel_FR/Nomenclaturen/REFNIS_2025.csv
21011,Koekelberg,nis_2019_2024,21011,Koekelberg,nis_2025,2019-01-01,unchanged,https://statbel.fgov.be/sites/default/files/Over_Statbel_FR/Nomenclaturen/REFNIS_2025.csv
21012,Molenbeek-Saint-Jean,nis_2019_2024,21012,Molenbeek-Saint-Jean,nis_2025,2019-01-01,unchanged,https://statbel.fgov.be/sites/default/files/Over_Statbel_FR/Nomenclaturen/REFNIS_2025.csv
21013,Saint-Gilles,nis_2019_2024,21013,Saint-Gilles,nis_2025,2019-01-01,unchanged,https://statbel.fgov.be/sites/default/files/Over_Statbel_FR/Nomenclaturen/REFNIS_2025.csv
21014,Saint-Josse-ten-Noode,nis_2019_2024,21014,Saint-Josse-ten-Noode,nis_2025,2019-01-01,unchanged,https://statbel.fgov.be/sites/default/files/Over_Statbel_FR/Nomenclaturen/REFNIS_2025.csv
21015,Schaerbeek,nis_2019_2024,21015,Schaerbeek,nis_2025,2019-01-01,unchanged,https://statbel.fgov.be/sites/default/files/Over_Statbel_FR/Nomenclaturen/REFNIS_2025.csv
21016,Uccle,nis_2019_2024,21016,Uccle,nis_2025,2019-01-01,unchanged,https://statbel.fgov.be/sites/default/files/Over_Statbel_FR/Nomenclaturen/REFNIS_2025.csv
21017,Watermael-Boitsfort,nis_2019_2024,21017,Watermael-Boitsfort,nis_2025,2019-01-01,unchanged,https://statbel.fgov.be/sites/default/files/Over_Statbel_FR/Nomenclaturen/REFNIS_2025.csv
21018,Woluwe-Saint-Lambert,nis_2019_2024,21018,Woluwe-Saint-Lambert,nis_2025,2019-01-01,unchanged,https://statbel.fgov.be/sites/default/files/Over_Statbel_FR/Nomenclaturen/REFNIS_2025.csv
21019,Woluwe-Saint-Pierre,nis_2019_2024,21019,Woluwe-Saint-Pierre,nis_2025,2019-01-01,unchanged,https://statbel.fgov.be/sites/default/files/Over_Statbel_FR/Nomenclaturen/REFNIS_2025.csv
23002,Asse,nis_2019_2024,23002,Asse,nis_2025,2019-01-01,unchanged,https://statbel.fgov.be/sites/default/files/Over_Statbel_FR/Nomenclaturen/REFNIS_2025.csv
23003,Beersel,nis_2019_2024,23003,Beersel,nis_2025,2019-01-01,unchanged,https://statbel.fgov.be/sites/default/files/Over_Statbel_FR/Nomenclaturen/REFNIS_2025.csv
23009,Bever,nis_2019_2024,23009,Bever,nis_2025,2019-01-01,unchanged,https://statbel.fgov.be/sites/default/files/Over_Statbel_FR/Nomenclaturen/REFNIS_2025.csv
23016,Dilbeek,nis_2019_2024,23016,Dilbeek,nis_2025,2019-01-01,unchanged,https://statbel.fgov.be/sites/default/files/Over_Statbel_FR/Nomenclaturen/REFNIS_2025.csv
23023,Galmaarden,nis_2019_2024,23106,Pajottegem,nis_2025,2025-01-01,merged,https://statbel.fgov.be/sites/default/files/Over_Statbel_FR/Nomenclaturen/REFNIS_2025.csv
23024,Gooik,nis_2019_2024,23106,Pajottegem,nis_2025,2025-01-01,merged,https://statbel.fgov.be/sites/default/files/Over_Statbel_FR/Nomenclaturen/REFNIS_2025.csv
23025,Grimbergen,nis_2019_2024,23025,Grimbergen,nis_2025,2019-01-01,unchanged,https://statbel.fgov.be/sites/default/files/Over_Statbel_FR/Nomenclaturen/REFNIS_2025.csv
23027,Halle,nis_2019_2024,23027,Halle,nis_2025,2019-01-01,unchanged,https://statbel.fgov.be/sites/default/files/Over_Statbel_FR/Nomenclaturen/REFNIS_2025.csv
23032,Herne,nis_2019_2024,23106,Pajottegem,nis_2025,2025-01-01,merged,https://statbel.fgov.be/sites/default/files/Over_Statbel_FR/Nomenclaturen/REFNIS_2025.csv
23033,Hoeilaart,nis_2019_2024,23033,Hoeilaart,nis_2025,2019-01-01,unchanged,https://statbel.fgov.be/sites/default/files/Over_Statbel_FR/Nomenclaturen/REFNIS_2025.csv
23038,Kampenhout,nis_2019_2024,23038,Kampenhout,nis_2025,2019-01-01,unchanged,https://statbel.fgov.be/sites/default/files/Over_Statbel_FR/Nomenclaturen/REFNIS_2025.csv
23039,Kapelle-op-den-Bos,nis_2019_2024,23039,Kapelle-op-den-Bos,nis_2025,2019-01-01,unchanged,https://statbel.fgov.be/sites/default/files/Over_Statbel_FR/Nomenclaturen/REFNIS_2025.csv
23044,Liedekerke,nis_2019_2024,23044,Liedekerke,nis_2025,2019-01-01,unchanged,https://statbel.fgov.be/sites/default/files/Over_Statbel_FR/Nomenclaturen/REFNIS_2025.csv
23045,Londerzeel,nis_2019_2024,23045,Londerzeel,nis_2025,2019-01-01,unchanged,https://statbel.fgov.be/sites/default/files/Over_Statbel_FR/Nomenclaturen/REFNIS_2025.csv
23047,Machelen,nis_2019_2024,23047,Machelen,nis_2025,2019-01-01,unchanged,https://statbel.fgov.be/sites/default/files/Over_Statbel_FR/Nomenclaturen/REFNIS_2025.csv
23050,Meise,nis_2019_2024,23050,Meise,nis_2025,2019-01-01,unchanged,https://statbel.fgov.be/sites/default/files/Over_Statbel_FR/Nomenclaturen/REFNIS_2025.csv
23052,Merchtem,nis_2019_2024,23052,Merchtem,nis_2025,2019-01-01,unchanged,https://statbel.fgov.be/sites/default/files/Over_Statbel_FR/Nomenclaturen/REFNIS_2025.csv
23060,Opwijk,nis_2019_2024,23060,Opwijk,nis_2025,2019-01-01,unchanged,https://statbel.fgov.be/sites/default/files/Over_Statbel_FR/Nomenclaturen/REFNIS_2025.csv
23062,Overijse,nis_2019_2024,23062,Overijse,nis_2025,2019-01-01,unchanged,https://statbel.fgov.be/sites/default/files/Over_Statbel_FR/Nomenclaturen/REFNIS_2025.csv
23064,Pepingen,nis_2019_2024,23064,Pepingen,nis_2025,2019-01-01,unchanged,https://statbel.fgov.be/sites/default/files/Over_Statbel_FR/Nomenclaturen/REFNIS_2025.csv
23077,Sint-Pieters-Leeuw,nis_2019_2024,23077,Sint-Pieters-Leeuw,nis_2025,2019-01-01,unchanged,https://statbel.fgov.be/sites/default/files/Over_Statbel_FR/Nomenclaturen/REFNIS_2025.csv
23081,Steenokkerzeel,nis_2019_2024,23081,Steenokkerzeel,nis_2025,2019-01-01,unchanged,https://statbel.fgov.be/sites/default/files/Over_Statbel_FR/Nomenclaturen/REFNIS_2025.csv
23086,Ternat,nis_2019_2024,23086,Ternat,nis_2025,2019-01-01,unchanged,https://statbel.fgov.be/sites/default/files/Over_Statbel_FR/Nomenclaturen/REFNIS_2025.csv
23088,Vilvoorde,nis_2019_2024,23088,Vilvoorde,nis_2025,2019-01-01,unchanged,https://statbel.fgov.be/sites/default/files/Over_Statbel_FR/Nomenclaturen/REFNIS_2025.csv
23094,Zaventem,nis_2019_2024,23094,Zaventem,nis_2025,2019-01-01,unchanged,https://statbel.fgov.be/sites/default/files/Over_Statbel_FR/Nomenclaturen/REFNIS_2025.csv
23096,Zemst,nis_2019_2024,23096,Zemst,nis_2025,2019-01-01,unchanged,https://statbel.fgov.be/sites/default/files/Over_Statbel_FR/Nomenclaturen/REFNIS_2025.csv
23097,Roosdaal,nis_2019_2024,23097,Roosdaal,nis_2025,2019-01-01,unchanged,https://statbel.fgov.be/sites/default/files/Over_Statbel_FR/Nomenclaturen/REFNIS_2025.csv
23098,Drogenbos,nis_2019_2024,23098,Drogenbos,nis_2025,2019-01-01,unchanged,https://statbel.fgov.be/sites/default/files/Over_Statbel_FR/Nomenclaturen/REFNIS_2025.csv
23099,Kraainem,nis_2019_2024,23099,Kraainem,nis_2025,2019-01-01,unchanged,https://statbel.fgov.be/sites/default/files/Over_Statbel_FR/Nomenclaturen/REFNIS_2025.csv
23100,Linkebeek,nis_2019_2024,23100,Linkebeek,nis_2025,2019-01-01,unchanged,https://statbel.fgov.be/sites/default/files/Over_Statbel_FR/Nomenclaturen/REFNIS_2025.csv
23101,Sint-Genesius-Rode,nis_2019_2024,23101,Sint-Genesius-Rode,nis_2025,2019-01-01,unchanged,https://statbel.fgov.be/sites/default/files/Over_Statbel_FR/Nomenclaturen/REFNIS_2025.csv
23102,Wemmel,nis_2019_2024,23102,Wemmel,nis_2025,2019-01-01,unchanged,https://statbel.fgov.be/sites/default/files/Over_Statbel_FR/Nomenclaturen/REFNIS_2025.csv
23103,Wezembeek-Oppem,nis_2019_2024,23103,Wezembeek-Oppem,nis_2025,2019-01-01,unchanged,https://statbel.fgov.be/sites/default/files/Over_Statbel_FR/Nomenclaturen/REFNIS_2025.csv
23104,Lennik,nis_2019_2024,23104,Lennik,nis_2025,2019-01-01,unchanged,https://statbel.fgov.be/sites/default/files/Over_Statbel_FR/Nomenclaturen/REFNIS_2025.csv
23105,Affligem,nis_2019_2024,23105,Affligem,nis_2025,2019-01-01,unchanged,https://statbel.fgov.be/sites/default/files/Over_Statbel_FR/Nomenclaturen/REFNIS_2025.csv
24001,Aarschot,nis_2019_2024,24001,Aarschot,nis_2025,2019-01-01,unchanged,https://statbel.fgov.be/sites/default/files/Over_Statbel_FR/Nomenclaturen/REFNIS_2025.csv
24007,Begijnendijk,nis_2019_2024,24007,Begijnendijk,nis_2025,2019-01-01,unchanged,https://statbel.fgov.be/sites/default/files/Over_Statbel_FR/Nomenclaturen/REFNIS_2025.csv
24008,Bekkevoort,nis_2019_2024,24008,Bekkevoort,nis_2025,2019-01-01,unchanged,https://statbel.fgov.be/sites/default/files/Over_Statbel_FR/Nomenclaturen/REFNIS_2025.csv
24009,Bertem,nis_2019_2024,24009,Bertem,nis_2025,2019-01-01,unchanged,https://statbel.fgov.be/sites/default/files/Over_Statbel_FR/Nomenclaturen/REFNIS_2025.csv
24011,Bierbeek,nis_2019_2024,24011,Bierbeek,nis_2025,2019-01-01,unchanged,https://statbel.fgov.be/sites/default/files/Over_Statbel_FR/Nomenclaturen/REFNIS_2025.csv
24014,Boortmeerbeek,nis_2019_2024,24014,Boortmeerbeek,nis_2025,2019-01-01,unchanged,https://statbel.fgov.be/sites/default/files/Over_Statbel_FR/Nomenclaturen/REFNIS_2025.csv
24016,Boutersem,nis_2019_2024,24016,Boutersem,nis_2025,2019-01-01,unchanged,https://statbel.fgov.be/sites/default/files/Over_Statbel_FR/Nomenclaturen/REFNIS_2025.csv
24020,Diest,nis_2019_2024,24020,Diest,nis_2025,2019-01-01,unchanged,https://statbel.fgov.be/sites/default/files/Over_Statbel_FR/Nomenclaturen/REFNIS_2025.csv
24028,Geetbets,nis_2019_2024,24028,Geetbets,nis_2025,2019-01-01,unchanged,https://statbel.fgov.be/sites/default/files/Over_Statbel_FR/Nomenclaturen/REFNIS_2025.csv
24033,Haacht,nis_2019_2024,24033,Haacht,nis_2025,2019-01-01,unchanged,https://statbel.fgov.be/sites/default/files/Over_Statbel_FR/Nomenclaturen/REFNIS_2025.csv
24038,Herent,nis_2019_2024,24038,Herent,nis_2025,2019-01-01,unchanged,https://statbel.fgov.be/sites/default/files/Over_Statbel_FR/Nomenclaturen/REFNIS_2025.csv
24041,Hoegaarden,nis_2019_2024,24041,Hoegaarden,nis_2025,2019-01-01,unchanged,https://statbel.fgov.be/sites/default/files/Over_Statbel_FR/Nomenclaturen/REFNIS_2025.csv
24043,Holsbeek,nis_2019_2024,24043,Holsbeek,nis_2025,2019-01-01,unchanged,https://statbel.fgov.be/sites/default/files/Over_Statbel_FR/Nomenclaturen/REFNIS_2025.csv
24045,Huldenberg,nis_2019_2024,24045,Huldenberg,nis_2025,2019-01-01,unchanged,https://statbel.fgov.be/sites/default/files/Over_Statbel_FR/Nomenclaturen/REFNIS_2025.csv
24048,Keerbergen,nis_2019_2024,24048,Keerbergen,nis_2025,2019-01-01,unchanged,https://statbel.fgov.be/sites/default/files/Over_Statbel_FR/Nomenclaturen/REFNIS_2025.csv
24054,Kortenaken,nis_2019_2024,24054,Kortenaken,nis_2025,2019-01-01,unchanged,https://statbel.fgov.be/sites/default/files/Over_Statbel_FR/Nomenclaturen/REFNIS_2025.csv
24055,Kortenberg,nis_2019_2024,24055,Kortenberg,nis_2025,2019-01-01,unchanged,https://statbel.fgov.be/sites/default/files/Over_Statbel_FR/Nomenclaturen/REFNIS_2025.csv
24059,Landen,nis_2019_2024,24059,Landen,nis_2025,2019-01-01,unchanged,https://statbel.fgov.be/sites/default/files/Over_Statbel_FR/Nomenclaturen/REFNIS_2025.csv
24062,Leuven,nis_2019_2024,24062,Leuven,nis_2025,2019-01-01,unchanged,https://statbel.fgov.be/sites/default/files/Over_Statbel_FR/Nomenclaturen/REFNIS_2025.csv
24066,Lubbeek,nis_2019_2024,24066,Lubbeek,nis_2025,2019-01-01,unchanged,https://statbel.fgov.be/sites/default/files/Over_Statbel_FR/Nomenclaturen/REFNIS_2025.csv
24086,Oud-Heverlee,nis_2019_2024,24086,Oud-Heverlee,nis_2025,2019-01-01,unchanged,https://statbel.fgov.be/sites/default/files/Over_Statbel_FR/Nomenclaturen/REFNIS_2025.csv
24094,Rotselaar,nis_2019_2024,24094,Rotselaar,nis_2025,2019-01-01,unchanged,https://statbel.fgov.be/sites/default/files/Over_Statbel_FR/Nomenclaturen/REFNIS_2025.csv
24104,Tervuren,nis_2019_2024,24104,Tervuren,nis_2025,2019-01-01,unchanged,https://statbel.fgov.be/sites/default/files/Over_Statbel_FR/Nomenclaturen/REFNIS_2025.csv
24107,Tienen,nis_2019_2024,24107,Tienen,nis_2025,2019-01-01,unchanged,https://statbel.fgov.be/sites/default/files/Over_Statbel_FR/Nomenclaturen/REFNIS_2025.csv
24109,Tremelo,nis_2019_2024,24109,Tremelo,nis_2025,2019-01-01,unchanged,https://statbel.fgov.be/sites/default/files/Over_Statbel_FR/Nomenclaturen/REFNIS_2025.csv
24130,Zoutleeuw,nis_2019_2024,24130,Zoutleeuw,nis_2025,2019-01-01,unchanged,https://statbel.fgov.be/sites/default/files/Over_Statbel_FR/Nomenclaturen/REFNIS_2025.csv
24133,Linter,nis_2019_2024,24133,Linter,nis_2025,2019-01-01,unchanged,https://statbel.fgov.be/sites/default/files/Over_Statbel_FR/Nomenclaturen/REFNIS_2025.csv
24134,Scherpenheuvel-Zichem,nis_2019_2024,24134,Scherpenheuvel-Zichem,nis_2025,2019-01-01,unchanged,https://statbel.fgov.be/sites/default/files/Over_Statbel_FR/Nomenclaturen/REFNIS_2025.csv
24135,Tielt-Winge,nis_2019_2024,24135,Tielt-Winge,nis_2025,2019-01-01,unchanged,https://statbel.fgov.be/sites/default/files/Over_Statbel_FR/Nomenclaturen/REFNIS_2025.csv
24137,Glabbeek,nis_2019_2024,24137,Glabbeek,nis_2025,2019-01-01,unchanged,https://statbel.fgov.be/sites/default/files/Over_Statbel_FR/Nomenclaturen/REFNIS_2025.csv
25005,Beauvechain,nis_2019_2024,25005,Beauvechain,nis_2025,2019-01-01,unchanged,https://statbel.fgov.be/sites/default/files/Over_Statbel_FR/Nomenclaturen/REFNIS_2025.csv
25014,Braine-l’Alleud,nis_2019_2024,25014,Braine-l’Alleud,nis_2025,2019-01-01,unchanged,https://statbel.fgov.be/sites/default/files/Over_Statbel_FR/Nomenclaturen/REFNIS_2025.csv
25015,Braine-le-Château,nis_2019_2024,25015,Braine-le-Château,nis_2025,2019-01-01,unchanged,https://statbel.fgov.be/sites/default/files/Over_Statbel_FR/Nomenclaturen/REFNIS_2025.csv
25018,Chaumont-Gistoux,nis_2019_2024,25018,Chaumont-Gistoux,nis_2025,2019-01-01,unchanged,https://statbel.fgov.be/sites/default/files/Over_Statbel_FR/Nomenclaturen/REFNIS_2025.csv
25023,Court-Saint-Etienne,nis_2019_2024,25023,Court-Saint-Etienne,nis_2025,2019-01-01,unchanged,https://statbel.fgov.be/sites/default/files/Over_Statbel_FR/Nomenclaturen/REFNIS_2025.csv
25031,Genappe,nis_2019_2024,25031,Genappe,nis_2025,2019-01-01,unchanged,https://statbel.fgov.be/sites/default/files/Over_Statbel_FR/Nomenclaturen/REFNIS_2025.csv
25037,Grez-Doiceau,nis_2019_2024,25037,Grez-Doiceau,nis_2025,2019-01-01,unchanged,https://statbel.fgov.be/sites/default/files/Over_Statbel_FR/Nomenclaturen/REFNIS_2025.csv
25043,Incourt,nis_2019_2024,25043,Incourt,nis_2025,2019-01-01,unchanged,https://statbel.fgov.be/sites/default/files/Over_Statbel_FR/Nomenclaturen/REFNIS_2025.csv
25044,Ittre,nis_2019_2024,25044,Ittre,nis_2025,2019-01-01,unchanged,https://statbel.fgov.be/sites/default/files/Over_Statbel_FR/Nomenclaturen/REFNIS_2025.csv
25048,Jodoigne,nis_2019_2024,25048,Jodoigne,nis_2025,2019-01-01,unchanged,https://statbel.fgov.be/sites/default/files/Over_Statbel_FR/Nomenclaturen/REFNIS_2025.csv
25050,La Hulpe,nis_2019_2024,25050,La Hulpe,nis_2025,2019-01-01,unchanged,https://statbel.fgov.be/sites/default/files/Over_Statbel_FR/Nomenclaturen/REFNIS_2025.csv
25068,Mont-Saint-Guibert,nis_2019_2024,25068,Mont-Saint-Guibert,nis_2025,2019-01-01,unchanged,https://statbel.fgov.be/sites/default/files/Over_Statbel_FR/Nomenclaturen/REFNIS_2025.csv
25072,Nivelles,nis_2019_2024,25072,Nivelles,nis_2025,2019-01-01,unchanged,https://statbel.fgov.be/sites/default/files/Over_Statbel_FR/Nomenclaturen/REFNIS_2025.csv
25084,Perwez,nis_2019_2024,25084,Perwez,nis_2025,2019-01-01,unchanged,https://statbel.fgov.be/sites/default/files/Over_Statbel_FR/Nomenclaturen/REFNIS_2025.csv
25091,Rixensart,nis_2019_2024,25091,Rixensart,nis_2025,2019-01-01,unchanged,https://statbel.fgov.be/sites/default/files/Over_Statbel_FR/Nomenclaturen/REFNIS_2025.csv
25105,Tubize,nis_2019_2024,25105,Tubize,nis_2025,2019-01-01,unchanged,https://statbel.fgov.be/sites/default/files/Over_Statbel_FR/Nomenclaturen/REFNIS_2025.csv
25107,Villers-la-Ville,nis_2019_2024,25107,Villers-la-Ville,nis_2025,2019-01-01,unchanged,https://statbel.fgov.be/sites/default/files/Over_Statbel_FR/Nomenclaturen/REFNIS_2025.csv
25110,Waterloo,nis_2019_2024,25110,Waterloo,nis_2025,2019-01-01,unchanged,https://statbel.fgov.be/sites/default/files/Over_Statbel_FR/Nomenclaturen/REFNIS_2025.csv
25112,Wavre,nis_2019_2024,25112,Wavre,nis_2025,2019-01-01,unchanged,https://statbel.fgov.be/sites/default/files/Over_Statbel_FR/Nomenclaturen/REFNIS_2025.csv
25117,Chastre,nis_2019_2024,25117,Chastre,nis_2025,2019-01-01,unchanged,https://statbel.fgov.be/sites/default/files/Over_Statbel_FR/Nomenclaturen/REFNIS_2025.csv
25118,Hélécine,nis_2019_2024,25118,Hélécine,nis_2025,2019-01-01,unchanged,https://statbel.fgov.be/sites/default/files/Over_Statbel_FR/Nomenclaturen/REFNIS_2025.csv
25119,Lasne,nis_2019_2024,25119,Lasne,nis_2025,2019-01-01,unchanged,https://statbel.fgov.be/sites/default/files/Over_Statbel_FR/Nomenclaturen/REFNIS_2025.csv
25120,Orp-Jauche,nis_2019_2024,25120,Orp-Jauche,nis_2025,2019-01-01,unchanged,https://statbel.fgov.be/sites/default/files/Over_Statbel_FR/Nomenclaturen/REFNIS_2025.csv
25121,Ottignies-Louvain-la-Neuve,nis_2019_2024,25121,Ottignies-Louvain-la-Neuve,nis_2025,2019-01-01,unchanged,https://statbel.fgov.be/sites/default/files/Over_Statbel_FR/Nomenclaturen/REFNIS_2025.csv
25122,Ramillies,nis_2019_2024,25122,Ramillies,nis_2025,2019-01-01,unchanged,https://statbel.fgov.be/sites/default/files/Over_Statbel_FR/Nomenclaturen/REFNIS_2025.csv
25123,Rebecq,nis_2019_2024,25123,Rebecq,nis_2025,2019-01-01,unchanged,https://statbel.fgov.be/sites/default/files/Over_Statbel_FR/Nomenclaturen/REFNIS_2025.csv
25124,Walhain,nis_2019_2024,25124,Walhain,nis_2025,2019-01-01,unchanged,https://statbel.fgov.be/sites/default/files/Over_Statbel_FR/Nomenclaturen/REFNIS_2025.csv
31003,Beernem,nis_2019_2024,31003,Beernem,nis_2025,2019-01-01,unchanged,https://statbel.fgov.be/sites/default/files/Over_Statbel_FR/Nomenclaturen/REFNIS_2025.csv
31004,Blankenberge,nis_2019_2024,31004,Blankenberge,nis_2025,2019-01-01,unchanged,https://statbel.fgov.be/sites/default/files/Over_Statbel_FR/Nomenclaturen/REFNIS_2025.csv
31005,Brugge,nis_2019_2024,31005,Brugge,nis_2025,2019-01-01,unchanged,https://statbel.fgov.be/sites/default/files/Over_Statbel_FR/Nomenclaturen/REFNIS_2025.csv
31006,Damme,nis_2019_2024,31006,Damme,nis_2025,2019-01-01,unchanged,https://statbel.fgov.be/sites/default/files/Over_Statbel_FR/Nomenclaturen/REFNIS_2025.csv
31012,Jabbeke,nis_2019_2024,31012,Jabbeke,nis_2025,2019-01-01,unchanged,https://statbel.fgov.be/sites/default/files/Over_Statbel_FR/Nomenclaturen/REFNIS_2025.csv
31022,Oostkamp,nis_2019_2024,31022,Oostkamp,nis_2025,2019-01-01,unchanged,https://statbel.fgov.be/sites/default/files/Over_Statbel_FR/Nomenclaturen/REFNIS_2025.csv
31033,Torhout,nis_2019_2024,31033,Torhout,nis_2025,2019-01-01,unchanged,https://statbel.fgov.be/sites/default/files/Over_Statbel_FR/Nomenclaturen/REFNIS_2025.csv
31040,Zedelgem,nis_2019_2024,31040,Zedelgem,nis_2025,2019-01-01,unchanged,https://statbel.fgov.be/sites/default/files/Over_Statbel_FR/Nomenclaturen/REFNIS_2025.csv
31042,Zuienkerke,nis_2019_2024,31042,Zuienkerke,nis_2025,2019-01-01,unchanged,https://statbel.fgov.be/sites/default/files/Over_Statbel_FR/Nomenclaturen/REFNIS_2025.csv
31043,Knokke-Heist,nis_2019_2024,31043,Knokke-Heist,nis_2025,2019-01-01,unchanged,https://statbel.fgov.be/sites/default/files/Over_Statbel_FR/Nomenclaturen/REFNIS_2025.csv
32003,Diksmuide,nis_2019_2024,32003,Diksmuide,nis_2025,2019-01-01,unchanged,https://statbel.fgov.be/sites/default/files/Over_Statbel_FR/Nomenclaturen/REFNIS_2025.csv
32006,Houthulst,nis_2019_2024,32006,Houthulst,nis_2025,2019-01-01,unchanged,https://statbel.fgov.be/sites/default/files/Over_Statbel_FR/Nomenclaturen/REFNIS_2025.csv
32010,Koekelare,nis_2019_2024,32010,Koekelare,nis_2025,2019-01-01,unchanged,https://statbel.fgov.be/sites/default/files/Over_Statbel_FR/Nomenclaturen/REFNIS_2025.csv
32011,Kortemark,nis_2019_2024,32011,Kortemark,nis_2025,2019-01-01,unchanged,https://statbel.fgov.be/sites/default/files/Over_Statbel_FR/Nomenclaturen/REFNIS_2025.csv
32030,Lo-Reninge,nis_2019_2024,32030,Lo-Reninge,nis_2025,2019-01-01,unchanged,https://statbel.fgov.be/sites/default/files/Over_Statbel_FR/Nomenclaturen/REFNIS_2025.csv
33011,Ieper,nis_2019_2024,33011,Ieper,nis_2025,2019-01-01,unchanged,https://statbel.fgov.be/sites/default/files/Over_Statbel_FR/Nomenclaturen/REFNIS_2025.csv
33016,Mesen,nis_2019_2024,33016,Mesen,nis_2025,2019-01-01,unchanged,https://statbel.fgov.be/sites/default/files/Over_Statbel_FR/Nomenclaturen/REFNIS_2025.csv
33021,Poperinge,nis_2019_2024,33021,Poperinge,nis_2025,2019-01-01,unchanged,https://statbel.fgov.be/sites/default/files/Over_Statbel_FR/Nomenclaturen/REFNIS_2025.csv
33029,Wervik,nis_2019_2024,33029,Wervik,nis_2025,2019-01-01,unchanged,https://statbel.fgov.be/sites/default/files/Over_Statbel_FR/Nomenclaturen/REFNIS_2025.csv
33037,Zonnebeke,nis_2019_2024,33037,Zonnebeke,nis_2025,2019-01-01,unchanged,https://statbel.fgov.be/sites/default/files/Over_Statbel_FR/Nomenclaturen/REFNIS_2025.csv
33039,Heuvelland,nis_2019_2024,33039,Heuvelland,nis_2025,2019-01-01,unchanged,https://statbel.fgov.be/sites/default/files/Over_Statbel_FR/Nomenclaturen/REFNIS_2025.csv
33040,Langemark-Poelkapelle,nis_2019_2024,33040,Langemark-Poelkapelle,nis_2025,2019-01-01,unchanged,https://statbel.fgov.be/sites/default/files/Over_Statbel_FR/Nomenclaturen/REFNIS_2025.csv
33041,Vleteren,nis_2019_2024,33041,Vleteren,nis_2025,2019-01-01,unchanged,https://statbel.fgov.be/sites/default/files/Over_Statbel_FR/Nomenclaturen/REFNIS_2025.csv
34002,Anzegem,nis_2019_2024,34002,Anzegem,nis_2025,2019-01-01,unchanged,https://statbel.fgov.be/sites/default/files/Over_Statbel_FR/Nomenclaturen/REFNIS_2025.csv
34003,Avelgem,nis_2019_2024,34003,Avelgem,nis_2025,2019-01-01,unchanged,https://statbel.fgov.be/sites/default/files/Over_Statbel_FR/Nomenclaturen/REFNIS_2025.csv
34009,Deerlijk,nis_2019_2024,34009,Deerlijk,nis_2025,2019-01-01,unchanged,https://statbel.fgov.be/sites/default/files/Over_Statbel_FR/Nomenclaturen/REFNIS_2025.csv
34013,Harelbeke,nis_2019_2024,34013,Harelbeke,nis_2025,2019-01-01,unchanged,https://statbel.fgov.be/sites/default/files/Over_Statbel_FR/Nomenclaturen/REFNIS_2025.csv
34022,Kortrijk,nis_2019_2024,34022,Kortrijk,nis_2025,2019-01-01,unchanged,https://statbel.fgov.be/sites/default/files/Over_Statbel_FR/Nomenclaturen/REFNIS_2025.csv
34023,Kuurne,nis_2019_2024,34023,Kuurne,nis_2025,2019-01-01,unchanged,https://statbel.fgov.be/sites/default/files/Over_Statbel_FR/Nomenclaturen/REFNIS_2025.csv
34025,Lendelede,nis_2019_2024,34025,Lendelede,nis_2025,2019-01-01,unchanged,https://statbel.fgov.be/sites/default/files/Over_Statbel_FR/Nomenclaturen/REFNIS_2025.csv
34027,Menen,nis_2019_2024,34027,Menen,nis_2025,2019-01-01,unchanged,https://statbel.fgov.be/sites/default/files/Over_Statbel_FR/Nomenclaturen/REFNIS_2025.csv
34040,Waregem,nis_2019_2024,34040,Waregem,nis_2025,2019-01-01,unchanged,https://statbel.fgov.be/sites/default/files/Over_Statbel_FR/Nomenclaturen/REFNIS_2025.csv
34041,Wevelgem,nis_2019_2024,34041,Wevelgem,nis_2025,2019-01-01,unchanged,https://statbel.fgov.be/sites/default/files/Over_Statbel_FR/Nomenclaturen/REFNIS_2025.csv
34042,Zwevegem,nis_2019_2024,34042,Zwevegem,nis_2025,2019-01-01,unchanged,https://statbel.fgov.be/sites/default/files/Over_Statbel_FR/Nomenclaturen/REFNIS_2025.csv
34043,Spiere-Helkijn,nis_2019_2024,34043,Spiere-Helkijn,nis_2025,2019-01-01,unchanged,https://statbel.fgov.be/sites/default/files/Over_Statbel_FR/Nomenclaturen/REFNIS_2025.csv
35002,Bredene,nis_2019_2024,35002,Bredene,nis_2025,2019-01-01,unchanged,https://statbel.fgov.be/sites/default/files/Over_Statbel_FR/Nomenclaturen/REFNIS_2025.csv
35005,Gistel,nis_2019_2024,35005,Gistel,nis_2025,2019-01-01,unchanged,https://statbel.fgov.be/sites/default/files/Over_Statbel_FR/Nomenclaturen/REFNIS_2025.csv
35006,Ichtegem,nis_2019_2024,35006,Ichtegem,nis_2025,2019-01-01,unchanged,https://statbel.fgov.be/sites/default/files/Over_Statbel_FR/Nomenclaturen/REFNIS_2025.csv
35011,Middelkerke,nis_2019_2024,35011,Middelkerke,nis_2025,2019-01-01,unchanged,https://statbel.fgov.be/sites/default/files/Over_Statbel_FR/Nomenclaturen/REFNIS_2025.csv
35013,Oostende,nis_2019_2024,35013,Oostende,nis_2025,2019-01-01,unchanged,https://statbel.fgov.be/sites/default/files/Over_Statbel_FR/Nomenclaturen/REFNIS_2025.csv
35014,Oudenburg,nis_2019_2024,35014,Oudenburg,nis_2025,2019-01-01,unchanged,https://statbel.fgov.be/sites/default/files/Over_Statbel_FR/Nomenclaturen/REFNIS_2025.csv
35029,De Haan,nis_2019_2024,35029,De Haan,nis_2025,2019-01-01,unchanged,https://statbel.fgov.be/sites/default/files/Over_Statbel_FR/Nomenclaturen/REFNIS_2025.csv
36006,Hooglede,nis_2019_2024,36006,Hooglede,nis_2025,2019-01-01,unchanged,https://statbel.fgov.be/sites/default/files/Over_Statbel_FR/Nomenclaturen/REFNIS_2025.csv
36007,Ingelmunster,nis_2019_2024,36007,Ingelmunster,nis_2025,2019-01-01,unchanged,https://statbel.fgov.be/sites/default/files/Over_Statbel_FR/Nomenclaturen/REFNIS_2025.csv
36008,Izegem,nis_2019_2024,36008,Izegem,nis_2025,2019-01-01,unchanged,https://statbel.fgov.be/sites/default/files/Over_Statbel_FR/Nomenclaturen/REFNIS_2025.csv
36010,Ledegem,nis_2019_2024,36010,Ledegem,nis_2025,2019-01-01,unchanged,https://statbel.fgov.be/sites/default/files/Over_Statbel_FR/Nomenclaturen/REFNIS_2025.csv
36011,Lichtervelde,nis_2019_2024,36011,Lichtervelde,nis_2025,2019-01-01,unchanged,https://statbel.fgov.be/sites/default/files/Over_Statbel_FR/Nomenclaturen/REFNIS_2025.csv
36012,Moorslede,nis_2019_2024,36012,Moorslede,nis_2025,2019-01-01,unchanged,https://statbel.fgov.be/sites/default/files/Over_Statbel_FR/Nomenclaturen/REFNIS_2025.csv
36015,Roeselare,nis_2019_2024,36015,Roeselare,nis_2025,2019-01-01,unchanged,https://statbel.fgov.be/sites/default/files/Over_Statbel_FR/Nomenclaturen/REFNIS_2025.csv
36019,Staden,nis_2019_2024,36019,Staden,nis_2025,2019-01-01,unchanged,https://statbel.fgov.be/sites/default/files/Over_Statbel_FR/Nomenclaturen/REFNIS_2025.csv
37002,Dentergem,nis_2019_2024,37002,Dentergem,nis_2025,2019-01-01,unchanged,https://statbel.fgov.be/sites/default/files/Over_Statbel_FR/Nomenclaturen/REFNIS_2025.csv
37007,Meulebeke,nis_2019_2024,37022,Tielt,nis_2025,2025-01-01,merged,https://statbel.fgov.be/sites/default/files/Over_Statbel_FR/Nomenclaturen/REFNIS_2025.csv
37010,Oostrozebeke,nis_2019_2024,37010,Oostrozebeke,nis_2025,2019-01-01,unchanged,https://statbel.fgov.be/sites/default/files/Over_Statbel_FR/Nomenclaturen/REFNIS_2025.csv
37011,Pittem,nis_2019_2024,37011,Pittem,nis_2025,2019-01-01,unchanged,https://statbel.fgov.be/sites/default/files/Over_Statbel_FR/Nomenclaturen/REFNIS_2025.csv
37012,Ruiselede,nis_2019_2024,37021,Wingene,nis_2025,2025-01-01,merged,https://statbel.fgov.be/sites/default/files/Over_Statbel_FR/Nomenclaturen/REFNIS_2025.csv
37015,Tielt,nis_2019_2024,37022,Tielt,nis_2025,2025-01-01,merged,https://statbel.fgov.be/sites/default/files/Over_Statbel_FR/Nomenclaturen/REFNIS_2025.csv
37017,Wielsbeke,nis_2019_2024,37017,Wielsbeke,nis_2025,2019-01-01,unchanged,https://statbel.fgov.be/sites/default/files/Over_Statbel_FR/Nomenclaturen/REFNIS_2025.csv
37018,Wingene,nis_2019_2024,37021,Wingene,nis_2025,2025-01-01,merged,https://statbel.fgov.be/sites/default/files/Over_Statbel_FR/Nomenclaturen/REFNIS_2025.csv
37020,Ardooie,nis_2019_2024,37020,Ardooie,nis_2025,2019-01-01,unchanged,https://statbel.fgov.be/sites/default/files/Over_Statbel_FR/Nomenclaturen/REFNIS_2025.csv
38002,Alveringem,nis_2019_2024,38002,Alveringem,nis_2025,2019-01-01,unchanged,https://statbel.fgov.be/sites/default/files/Over_Statbel_FR/Nomenclaturen/REFNIS_2025.csv
38008,De Panne,nis_2019_2024,38008,De Panne,nis_2025,2019-01-01,unchanged,https://statbel.fgov.be/sites/default/files/Over_Statbel_FR/Nomenclaturen/REFNIS_2025.csv
38014,Koksijde,nis_2019_2024,38014,Koksijde,nis_2025,2019-01-01,unchanged,https://statbel.fgov.be/sites/default/files/Over_Statbel_FR/Nomenclaturen/REFNIS_2025.csv
38016,Nieuwpoort,nis_2019_2024,38016,Nieuwpoort,nis_2025,2019-01-01,unchanged,https://statbel.fgov.be/sites/default/files/Over_Statbel_FR/Nomenclaturen/REFNIS_2025.csv
38025,Veurne,nis_2019_2024,38025,Veurne,nis_2025,2019-01-01,unchanged,https://statbel.fgov.be/sites/default/files/Over_Statbel_FR/Nomenclaturen/REFNIS_2025.csv
41002,Aalst,nis_2019_2024,41002,Aalst,nis_2025,2019-01-01,unchanged,https://statbel.fgov.be/sites/default/files/Over_Statbel_FR/Nomenclaturen/REFNIS_2025.csv
41011,Denderleeuw,nis_2019_2024,41011,Denderleeuw,nis_2025,2019-01-01,unchanged,https://statbel.fgov.be/sites/default/files/Over_Statbel_FR/Nomenclaturen/REFNIS_2025.csv
41018,Geraardsbergen,nis_2019_2024,41018,Geraardsbergen,nis_2025,2019-01-01,unchanged,https://statbel.fgov.be/sites/default/files/Over_Statbel_FR/Nomenclaturen/REFNIS_2025.csv
41024,Haaltert,nis_2019_2024,41024,Haaltert,nis_2025,2019-01-01,unchanged,https://statbel.fgov.be/sites/default/files/Over_Statbel_FR/Nomenclaturen/REFNIS_2025.csv
41027,Herzele,nis_2019_2024,41027,Herzele,nis_2025,2019-01-01,unchanged,https://statbel.fgov.be/sites/default/files/Over_Statbel_FR/Nomenclaturen/REFNIS_2025.csv
41034,Lede,nis_2019_2024,41034,Lede,nis_2025,2019-01-01,unchanged,https://statbel.fgov.be/sites/default/files/Over_Statbel_FR/Nomenclaturen/REFNIS_2025.csv
41048,Ninove,nis_2019_2024,41048,Ninove,nis_2025,2019-01-01,unchanged,https://statbel.fgov.be/sites/default/files/Over_Statbel_FR/Nomenclaturen/REFNIS_2025.csv
41063,Sint-Lievens-Houtem,nis_2019_2024,41063,Sint-Lievens-Houtem,nis_2025,2019-01-01,unchanged,https://statbel.fgov.be/sites/default/files/Over_Statbel_FR/Nomenclaturen/REFNIS_2025.csv
41081,Zottegem,nis_2019_2024,41081,Zottegem,nis_2025,2019-01-01,unchanged,https://statbel.fgov.be/sites/default/files/Over_Statbel_FR/Nomenclaturen/REFNIS_2025.csv
41082,Erpe-Mere,nis_2019_2024,41082,Erpe-Mere,nis_2025,2019-01-01,unchanged,https://statbel.fgov.be/sites/default/files/Over_Statbel_FR/Nomenclaturen/REFNIS_2025.csv
42003,Berlare,nis_2019_2024,42003,Berlare,nis_2025,2019-01-01,unchanged,https://statbel.fgov.be/sites/default/files/Over_Statbel_FR/Nomenclaturen/REFNIS_2025.csv
42004,Buggenhout,nis_2019_2024,42004,Buggenhout,nis_2025,2019-01-01,unchanged,https://statbel.fgov.be/sites/default/files/Over_Statbel_FR/Nomenclaturen/REFNIS_2025.csv
42006,Dendermonde,nis_2019_2024,42006,Dendermonde,nis_2025,2019-01-01,unchanged,https://statbel.fgov.be/sites/default/files/Over_Statbel_FR/Nomenclaturen/REFNIS_2025.csv
42008,Hamme,nis_2019_2024,42008,Hamme,nis_2025,2019-01-01,unchanged,https://statbel.fgov.be/sites/default/files/Over_Statbel_FR/Nomenclaturen/REFNIS_2025.csv
42010,Laarne,nis_2019_2024,42010,Laarne,nis_2025,2019-01-01,unchanged,https://statbel.fgov.be/sites/default/files/Over_Statbel_FR/Nomenclaturen/REFNIS_2025.csv
42011,Lebbeke,nis_2019_2024,42011,Lebbeke,nis_2025,2019-01-01,unchanged,https://statbel.fgov.be/sites/default/files/Over_Statbel_FR/Nomenclaturen/REFNIS_2025.csv
42023,Waasmunster,nis_2019_2024,42023,Waasmunster,nis_2025,2019-01-01,unchanged,https://statbel.fgov.be/sites/default/files/Over_Statbel_FR/Nomenclaturen/REFNIS_2025.csv
42025,Wetteren,nis_2019_2024,42025,Wetteren,nis_2025,2019-01-01,unchanged,https://statbel.fgov.be/sites/default/files/Over_Statbel_FR/Nomenclaturen/REFNIS_2025.csv
42026,Wichelen,nis_2019_2024,42026,Wichelen,nis_2025,2019-01-01,unchanged,https://statbel.fgov.be/sites/default/files/Over_Statbel_FR/Nomenclaturen/REFNIS_2025.csv
42028,Zele,nis_2019_2024,42028,Zele,nis_2025,2019-01-01,unchanged,https://statbel.fgov.be/sites/default/files/Over_Statbel_FR/Nomenclaturen/REFNIS_2025.csv
43002,Assenede,nis_2019_2024,43002,Assenede,nis_2025,2019-01-01,unchanged,https://statbel.fgov.be/sites/default/files/Over_Statbel_FR/Nomenclaturen/REFNIS_2025.csv
43005,Eeklo,nis_2019_2024,43005,Eeklo,nis_2025,2019-01-01,unchanged,https://statbel.fgov.be/sites/default/files/Over_Statbel_FR/Nomenclaturen/REFNIS_2025.csv
43007,Kaprijke,nis_2019_2024,43007,Kaprijke,nis_2025,2019-01-01,unchanged,https://statbel.fgov.be/sites/default/files/Over_Statbel_FR/Nomenclaturen/REFNIS_2025.csv
43010,Maldegem,nis_2019_2024,43010,Maldegem,nis_2025,2019-01-01,unchanged,https://statbel.fgov.be/sites/default/files/Over_Statbel_FR/Nomenclaturen/REFNIS_2025.csv
43014,Sint-Laureins,nis_2019_2024,43014,Sint-Laureins,nis_2025,2019-01-01,unchanged,https://statbel.fgov.be/sites/default/files/Over_Statbel_FR/Nomenclaturen/REFNIS_2025.csv
43018,Zelzate,nis_2019_2024,43018,Zelzate,nis_2025,2019-01-01,unchanged,https://statbel.fgov.be/sites/default/files/Over_Statbel_FR/Nomenclaturen/REFNIS_2025.csv
44012,De Pinte,nis_2019_2024,44086,Nazareth-De Pinte,nis_2025,2025-01-01,merged,https://statbel.fgov.be/sites/default/files/Over_Statbel_FR/Nomenclaturen/REFNIS_2025.csv
44013,Destelbergen,nis_2019_2024,44013,Destelbergen,nis_2025,2019-01-01,unchanged,https://statbel.fgov.be/sites/default/files/Over_Statbel_FR/Nomenclaturen/REFNIS_2025.csv
44019,Evergem,nis_2019_2024,44019,Evergem,nis_2025,2019-01-01,unchanged,https://statbel.fgov.be/sites/default/files/Over_Statbel_FR/Nomenclaturen/REFNIS_2025.csv
44020,Gavere,nis_2019_2024,44020,Gavere,nis_2025,2019-01-01,unchanged,https://statbel.fgov.be/sites/default/files/Over_Statbel_FR/Nomenclaturen/REFNIS_2025.csv
44021,Gent,nis_2019_2024,44021,Gent,nis_2025,2019-01-01,unchanged,https://statbel.fgov.be/sites/default/files/Over_Statbel_FR/Nomenclaturen/REFNIS_2025.csv
44034,Lochristi,nis_2019_2024,44087,Lochristi,nis_2025,2025-01-01,merged,https://statbel.fgov.be/sites/default/files/Over_Statbel_FR/Nomenclaturen/REFNIS_2025.csv
44040,Melle,nis_2019_2024,44088,Merelbeke-Melle,nis_2025,2025-01-01,merged,https://statbel.fgov.be/sites/default/files/Over_Statbel_FR/Nomenclaturen/REFNIS_2025.csv
44043,Merelbeke,nis_2019_2024,44088,Merelbeke-Melle,nis_2025,2025-01-01,merged,https://statbel.fgov.be/sites/default/files/Over_Statbel_FR/Nomenclaturen/REFNIS_2025.csv
44045,Moerbeke,nis_2019_2024,46029,Lokeren,nis_2025,2025-01-01,merged,https://statbel.fgov.be/sites/default/files/Over_Statbel_FR/Nomenclaturen/REFNIS_2025.csv
44048,Nazareth,nis_2019_2024,44086,Nazareth-De Pinte,nis_2025,2025-01-01,merged,https://statbel.fgov.be/sites/default/files/Over_Statbel_FR/Nomenclaturen/REFNIS_2025.csv
44052,Oosterzele,nis_2019_2024,44052,Oosterzele,nis_2025,2019-01-01,unchanged,https://statbel.fgov.be/sites/default/files/Over_Statbel_FR/Nomenclaturen/REFNIS_2025.csv
44064,Sint-Martens-Latem,nis_2019_2024,44064,Sint-Martens-Latem,nis_2025,2019-01-01,unchanged,https://statbel.fgov.be/sites/default/files/Over_Statbel_FR/Nomenclaturen/REFNIS_2025.csv
44073,Wachtebeke,nis_2019_2024,44087,Lochristi,nis_2025,2025-01-01,merged,https://statbel.fgov.be/sites/default/files/Over_Statbel_FR/Nomenclaturen/REFNIS_2025.csv
44081,Zulte,nis_2019_2024,44081,Zulte,nis_2025,2019-01-01,unchanged,https://statbel.fgov.be/sites/default/files/Over_Statbel_FR/Nomenclaturen/REFNIS_2025.csv
44083,Deinze,nis_2019_2024,44083,Deinze,nis_2025,2019-01-01,unchanged,https://statbel.fgov.be/sites/default/files/Over_Statbel_FR/Nomenclaturen/REFNIS_2025.csv
44084,Aalter,nis_2019_2024,44084,Aalter,nis_2025,2019-01-01,unchanged,https://statbel.fgov.be/sites/default/files/Over_Statbel_FR/Nomenclaturen/REFNIS_2025.csv
44085,Lievegem,nis_2019_2024,44085,Lievegem,nis_2025,2019-01-01,unchanged,https://statbel.fgov.be/sites/default/files/Over_Statbel_FR/Nomenclaturen/REFNIS_2025.csv
45035,Oudenaarde,nis_2019_2024,45035,Oudenaarde,nis_2025,2019-01-01,unchanged,https://statbel.fgov.be/sites/default/files/Over_Statbel_FR/Nomenclaturen/REFNIS_2025.csv
45041,Ronse,nis_2019_2024,45041,Ronse,nis_2025,2019-01-01,unchanged,https://statbel.fgov.be/sites/default/files/Over_Statbel_FR/Nomenclaturen/REFNIS_2025.csv
45059,Brakel,nis_2019_2024,45059,Brakel,nis_2025,2019-01-01,unchanged,https://statbel.fgov.be/sites/default/files/Over_Statbel_FR/Nomenclaturen/REFNIS_2025.csv
45060,Kluisbergen,nis_2019_2024,45060,Kluisbergen,nis_2025,2019-01-01,unchanged,https://statbel.fgov.be/sites/default/files/Over_Statbel_FR/Nomenclaturen/REFNIS_2025.csv
45061,Wortegem-Petegem,nis_2019_2024,45061,Wortegem-Petegem,nis_2025,2019-01-01,unchanged,https://statbel.fgov.be/sites/default/files/Over_Statbel_FR/Nomenclaturen/REFNIS_2025.csv
45062,Horebeke,nis_2019_2024,45062,Horebeke,nis_2025,2019-01-01,unchanged,https://statbel.fgov.be/sites/default/files/Over_Statbel_FR/Nomenclaturen/REFNIS_2025.csv
45063,Lierde,nis_2019_2024,45063,Lierde,nis_2025,2019-01-01,unchanged,https://statbel.fgov.be/sites/default/files/Over_Statbel_FR/Nomenclaturen/REFNIS_2025.csv
45064,Maarkedal,nis_2019_2024,45064,Maarkedal,nis_2025,2019-01-01,unchanged,https://statbel.fgov.be/sites/default/files/Over_Statbel_FR/Nomenclaturen/REFNIS_2025.csv
45065,Zwalm,nis_2019_2024,45065,Zwalm,nis_2025,2019-01-01,unchanged,https://statbel.fgov.be/sites/default/files/Over_Statbel_FR/Nomenclaturen/REFNIS_2025.csv
45068,Kruisem,nis_2019_2024,45068,Kruisem,nis_2025,2019-01-01,unchanged,https://statbel.fgov.be/sites/default/files/Over_Statbel_FR/Nomenclaturen/REFNIS_2025.csv
46003,Beveren,nis_2019_2024,46030,Beveren-Kruibeke-Zwijndrecht,nis_2025,2025-01-01,merged,https://statbel.fgov.be/sites/default/files/Over_Statbel_FR/Nomenclaturen/REFNIS_2025.csv
46013,Kruibeke,nis_2019_2024,46030,Beveren-Kruibeke-Zwijndrecht,nis_2025,2025-01-01,merged,https://statbel.fgov.be/sites/default/files/Over_Statbel_FR/Nomenclaturen/REFNIS_2025.csv
46014,Lokeren,nis_2019_2024,46029,Lokeren,nis_2025,2025-01-01,merged,https://statbel.fgov.be/sites/default/files/Over_Statbel_FR/Nomenclaturen/REFNIS_2025.csv
46020,Sint-Gillis-Waas,nis_2019_2024,46020,Sint-Gillis-Waas,nis_2025,2019-01-01,unchanged,https://statbel.fgov.be/sites/default/files/Over_Statbel_FR/Nomenclaturen/REFNIS_2025.csv
46021,Sint-Niklaas,nis_2019_2024,46021,Sint-Niklaas,nis_2025,2019-01-01,unchanged,https://statbel.fgov.be/sites/default/files/Over_Statbel_FR/Nomenclaturen/REFNIS_2025.csv
46024,Stekene,nis_2019_2024,46024,Stekene,nis_2025,2019-01-01,unchanged,https://statbel.fgov.be/sites/default/files/Over_Statbel_FR/Nomenclaturen/REFNIS_2025.csv
46025,Temse,nis_2019_2024,46025,Temse,nis_2025,2019-01-01,unchanged,https://statbel.fgov.be/sites/default/files/Over_Statbel_FR/Nomenclaturen/REFNIS_2025.csv
51004,Ath,nis_2019_2024,51004,Ath,nis_2025,2019-01-01,unchanged,https://statbel.fgov.be/sites/default/files/Over_Statbel_FR/Nomenclaturen/REFNIS_2025.csv
51008,Beloeil,nis_2019_2024,51008,Beloeil,nis_2025,2019-01-01,unchanged,https://statbel.fgov.be/sites/default/files/Over_Statbel_FR/Nomenclaturen/REFNIS_2025.csv
51009,Bernissart,nis_2019_2024,51009,Bernissart,nis_2025,2019-01-01,unchanged,https://statbel.fgov.be/sites/default/files/Over_Statbel_FR/Nomenclaturen/REFNIS_2025.csv
51012,Brugelette,nis_2019_2024,51012,Brugelette,nis_2025,2019-01-01,unchanged,https://statbel.fgov.be/sites/default/files/Over_Statbel_FR/Nomenclaturen/REFNIS_2025.csv
51014,Chièvres,nis_2019_2024,51014,Chièvres,nis_2025,2019-01-01,unchanged,https://statbel.fgov.be/sites/default/files/Over_Statbel_FR/Nomenclaturen/REFNIS_2025.csv
51017,Ellezelles,nis_2019_2024,51017,Ellezelles,nis_2025,2019-01-01,unchanged,https://statbel.fgov.be/sites/default/files/Over_Statbel_FR/Nomenclaturen/REFNIS_2025.csv
51019,Flobecq,nis_2019_2024,51019,Flobecq,nis_2025,2019-01-01,unchanged,https://statbel.fgov.be/sites/default/files/Over_Statbel_FR/Nomenclaturen/REFNIS_2025.csv
51065,Frasnes-lez-Anvaing,nis_2019_2024,51065,Frasnes-lez-Anvaing,nis_2025,2019-01-01,unchanged,https://statbel.fgov.be/sites/default/files/Over_Statbel_FR/Nomenclaturen/REFNIS_2025.csv
51067,Enghien,nis_2019_2024,51067,Enghien,nis_2025,2019-01-01,unchanged,https://statbel.fgov.be/sites/default/files/Over_Statbel_FR/Nomenclaturen/REFNIS_2025.csv
51068,Silly,nis_2019_2024,51068,Silly,nis_2025,2019-01-01,unchanged,https://statbel.fgov.be/sites/default/files/Over_Statbel_FR/Nomenclaturen/REFNIS_2025.csv
51069,Lessines,nis_2019_2024,51069,Lessines,nis_2025,2019-01-01,unchanged,https://statbel.fgov.be/sites/default/files/Over_Statbel_FR/Nomenclaturen/REFNIS_2025.csv
52010,Chapelle-lez-Herlaimont,nis_2019_2024,52010,Chapelle-lez-Herlaimont,nis_2025,2019-01-01,unchanged,https://statbel.fgov.be/sites/default/files/Over_Statbel_FR/Nomenclaturen/REFNIS_2025.csv
52011,Charleroi,nis_2019_2024,52011,Charleroi,nis_2025,2019-01-01,unchanged,https://statbel.fgov.be/sites/default/files/Over_Statbel_FR/Nomenclaturen/REFNIS_2025.csv
52012,Châtelet,nis_2019_2024,52012,Châtelet,nis_2025,2019-01-01,unchanged,https://statbel.fgov.be/sites/default/files/Over_Statbel_FR/Nomenclaturen/REFNIS_2025.csv
52015,Courcelles,nis_2019_2024,52015,Courcelles,nis_2025,2019-01-01,unchanged,https://statbel.fgov.be/sites/default/files/Over_Statbel_FR/Nomenclaturen/REFNIS_2025.csv
52018,Farciennes,nis_2019_2024,52018,Farciennes,nis_2025,2019-01-01,unchanged,https://statbel.fgov.be/sites/default/files/Over_Statbel_FR/Nomenclaturen/REFNIS_2025.csv
52021,Fleurus,nis_2019_2024,52021,Fleurus,nis_2025,2019-01-01,unchanged,https://statbel.fgov.be/sites/default/files/Over_Statbel_FR/Nomenclaturen/REFNIS_2025.csv
52022,Fontaine-l’Evêque,nis_2019_2024,52022,Fontaine-l’Evêque,nis_2025,2019-01-01,unchanged,https://statbel.fgov.be/sites/default/files/Over_Statbel_FR/Nomenclaturen/REFNIS_2025.csv
52025,Gerpinnes,nis_2019_2024,52025,Gerpinnes,nis_2025,2019-01-01,unchanged,https://statbel.fgov.be/sites/default/files/Over_Statbel_FR/Nomenclaturen/REFNIS_2025.csv
52048,Montigny-le-Tilleul,nis_2019_2024,52048,Montigny-le-Tilleul,nis_2025,2019-01-01,unchanged,https://statbel.fgov.be/sites/default/files/Over_Statbel_FR/Nomenclaturen/REFNIS_2025.csv
52055,Pont-à-Celles,nis_2019_2024,52055,Pont-à-Celles,nis_2025,2019-01-01,unchanged,https://statbel.fgov.be/sites/default/files/Over_Statbel_FR/Nomenclaturen/REFNIS_2025.csv
52074,Aiseau-Presles,nis_2019_2024,52074,Aiseau-Presles,nis_2025,2019-01-01,unchanged,https://statbel.fgov.be/sites/default/files/Over_Statbel_FR/Nomenclaturen/REFNIS_2025.csv
52075,Les Bons Villers,nis_2019_2024,52075,Les Bons Villers,nis_2025,2019-01-01,unchanged,https://statbel.fgov.be/sites/default/files/Over_Statbel_FR/Nomenclaturen/REFNIS_2025.csv
53014,Boussu,nis_2019_2024,53014,Boussu,nis_2025,2019-01-01,unchanged,https://statbel.fgov.be/sites/default/files/Over_Statbel_FR/Nomenclaturen/REFNIS_2025.csv
53020,Dour,nis_2019_2024,53020,Dour,nis_2025,2019-01-01,unchanged,https://statbel.fgov.be/sites/default/files/Over_Statbel_FR/Nomenclaturen/REFNIS_2025.csv
53028,Frameries,nis_2019_2024,53028,Frameries,nis_2025,2019-01-01,unchanged,https://statbel.fgov.be/sites/default/files/Over_Statbel_FR/Nomenclaturen/REFNIS_2025.csv
53039,Hensies,nis_2019_2024,53039,Hensies,nis_2025,2019-01-01,unchanged,https://statbel.fgov.be/sites/default/files/Over_Statbel_FR/Nomenclaturen/REFNIS_2025.csv
53044,Jurbise,nis_2019_2024,53044,Jurbise,nis_2025,2019-01-01,unchanged,https://statbel.fgov.be/sites/default/files/Over_Statbel_FR/Nomenclaturen/REFNIS_2025.csv
53046,Lens,nis_2019_2024,53046,Lens,nis_2025,2019-01-01,unchanged,https://statbel.fgov.be/sites/default/files/Over_Statbel_FR/Nomenclaturen/REFNIS_2025.csv
53053,Mons,nis_2019_2024,53053,Mons,nis_2025,2019-01-01,unchanged,https://statbel.fgov.be/sites/default/files/Over_Statbel_FR/Nomenclaturen/REFNIS_2025.csv
53065,Quaregnon,nis_2019_2024,53065,Quaregnon,nis_2025,2019-01-01,unchanged,https://statbel.fgov.be/sites/default/files/Over_Statbel_FR/Nomenclaturen/REFNIS_2025.csv
53068,Quiévrain,nis_2019_2024,53068,Quiévrain,nis_2025,2019-01-01,unchanged,https://statbel.fgov.be/sites/default/files/Over_Statbel_FR/Nomenclaturen/REFNIS_2025.csv
53070,Saint-Ghislain,nis_2019_2024,53070,Saint-Ghislain,nis_2025,2019-01-01,unchanged,https://statbel.fgov.be/sites/default/files/Over_Statbel_FR/Nomenclaturen/REFNIS_2025.csv
53082,Colfontaine,nis_2019_2024,53082,Colfontaine,nis_2025,2019-01-01,unchanged,https://statbel.fgov.be/sites/default/files/Over_Statbel_FR/Nomenclaturen/REFNIS_2025.csv
53083,Honnelles,nis_2019_2024,53083,Honnelles,nis_2025,2019-01-01,unchanged,https://statbel.fgov.be/sites/default/files/Over_Statbel_FR/Nomenclaturen/REFNIS_2025.csv
53084,Quévy,nis_2019_2024,53084,Quévy,nis_2025,2019-01-01,unchanged,https://statbel.fgov.be/sites/default/files/Over_Statbel_FR/Nomenclaturen/REFNIS_2025.csv
55004,Braine-le-Comte,nis_2019_2024,55004,Braine-le-Comte,nis_2025,2019-01-01,unchanged,https://statbel.fgov.be/sites/default/files/Over_Statbel_FR/Nomenclaturen/REFNIS_2025.csv
55035,Le Roeulx,nis_2019_2024,55035,Le Roeulx,nis_2025,2019-01-01,unchanged,https://statbel.fgov.be/sites/default/files/Over_Statbel_FR/Nomenclaturen/REFNIS_2025.csv
55040,Soignies,nis_2019_2024,55040,Soignies,nis_2025,2019-01-01,unchanged,https://statbel.fgov.be/sites/default/files/Over_Statbel_FR/Nomenclaturen/REFNIS_2025.csv
55050,Ecaussinnes,nis_2019_2024,55050,Ecaussinnes,nis_2025,2019-01-01,unchanged,https://statbel.fgov.be/sites/default/files/Over_Statbel_FR/Nomenclaturen/REFNIS_2025.csv
55085,Seneffe,nis_2019_2024,55085,Seneffe,nis_2025,2019-01-01,unchanged,https://statbel.fgov.be/sites/default/files/Over_Statbel_FR/Nomenclaturen/REFNIS_2025.csv
55086,Manage,nis_2019_2024,55086,Manage,nis_2025,2019-01-01,unchanged,https://statbel.fgov.be/sites/default/files/Over_Statbel_FR/Nomenclaturen/REFNIS_2025.csv
56001,Anderlues,nis_2019_2024,56001,Anderlues,nis_2025,2019-01-01,unchanged,https://statbel.fgov.be/sites/default/files/Over_Statbel_FR/Nomenclaturen/REFNIS_2025.csv
56005,Beaumont,nis_2019_2024,56005,Beaumont,nis_2025,2019-01-01,unchanged,https://statbel.fgov.be/sites/default/files/Over_Statbel_FR/Nomenclaturen/REFNIS_2025.csv
56016,Chimay,nis_2019_2024,56016,Chimay,nis_2025,2019-01-01,unchanged,https://statbel.fgov.be/sites/default/files/Over_Statbel_FR/Nomenclaturen/REFNIS_2025.csv
56022,Erquelinnes,nis_2019_2024,56022,Erquelinnes,nis_2025,2019-01-01,unchanged,https://statbel.fgov.be/sites/default/files/Over_Statbel_FR/Nomenclaturen/REFNIS_2025.csv
56029,Froidchapelle,nis_2019_2024,56029,Froidchapelle,nis_2025,2019-01-01,unchanged,https://statbel.fgov.be/sites/default/files/Over_Statbel_FR/Nomenclaturen/REFNIS_2025.csv
56044,Lobbes,nis_2019_2024,56044,Lobbes,nis_2025,2019-01-01,unchanged,https://statbel.fgov.be/sites/default/files/Over_Statbel_FR/Nomenclaturen/REFNIS_2025.csv
56049,Merbes-le-Château,nis_2019_2024,56049,Merbes-le-Château,nis_2025,2019-01-01,unchanged,https://statbel.fgov.be/sites/default/files/Over_Statbel_FR/Nomenclaturen/REFNIS_2025.csv
56051,Momignies,nis_2019_2024,56051,Momignies,nis_2025,2019-01-01,unchanged,https://statbel.fgov.be/sites/default/files/Over_Statbel_FR/Nomenclaturen/REFNIS_2025.csv
56078,Thuin,nis_2019_2024,56078,Thuin,nis_2025,2019-01-01,unchanged,https://statbel.fgov.be/sites/default/files/Over_Statbel_FR/Nomenclaturen/REFNIS_2025.csv
56086,Ham-sur-Heure-Nalinnes,nis_2019_2024,56086,Ham-sur-Heure-Nalinnes,nis_2025,2019-01-01,unchanged,https://statbel.fgov.be/sites/default/files/Over_Statbel_FR/Nomenclaturen/REFNIS_2025.csv
56088,Sivry-Rance,nis_2019_2024,56088,Sivry-Rance,nis_2025,2019-01-01,unchanged,https://statbel.fgov.be/sites/default/files/Over_Statbel_FR/Nomenclaturen/REFNIS_2025.csv
57003,Antoing,nis_2019_2024,57003,Antoing,nis_2025,2019-01-01,unchanged,https://statbel.fgov.be/sites/default/files/Over_Statbel_FR/Nomenclaturen/REFNIS_2025.csv
57018,Celles,nis_2019_2024,57018,Celles,nis_2025,2019-01-01,unchanged,https://statbel.fgov.be/sites/default/files/Over_Statbel_FR/Nomenclaturen/REFNIS_2025.csv
57027,Estaimpuis,nis_2019_2024,57027,Estaimpuis,nis_2025,2019-01-01,unchanged,https://statbel.fgov.be/sites/default/files/Over_Statbel_FR/Nomenclaturen/REFNIS_2025.csv
57062,Pecq,nis_2019_2024,57062,Pecq,nis_2025,2019-01-01,unchanged,https://statbel.fgov.be/sites/default/files/Over_Statbel_FR/Nomenclaturen/REFNIS_2025.csv
57064,Péruwelz,nis_2019_2024,57064,Péruwelz,nis_2025,2019-01-01,unchanged,https://statbel.fgov.be/sites/default/files/Over_Statbel_FR/Nomenclaturen/REFNIS_2025.csv
57072,Rumes,nis_2019_2024,57072,Rumes,nis_2025,2019-01-01,unchanged,https://statbel.fgov.be/sites/default/files/Over_Statbel_FR/Nomenclaturen/REFNIS_2025.csv
57081,Tournai,nis_2019_2024,57081,Tournai,nis_2025,2019-01-01,unchanged,https://statbel.fgov.be/sites/default/files/Over_Statbel_FR/Nomenclaturen/REFNIS_2025.csv
57093,Brunehaut,nis_2019_2024,57093,Brunehaut,nis_2025,2019-01-01,unchanged,https://statbel.fgov.be/sites/default/files/Over_Statbel_FR/Nomenclaturen/REFNIS_2025.csv
57094,Leuze-en-Hainaut,nis_2019_2024,57094,Leuze-en-Hainaut,nis_2025,2019-01-01,unchanged,https://statbel.fgov.be/sites/default/files/Over_Statbel_FR/Nomenclaturen/REFNIS_2025.csv
57095,Mont-de-l’Enclus,nis_2019_2024,57095,Mont-de-l’Enclus,nis_2025,2019-01-01,unchanged,https://statbel.fgov.be/sites/default/files/Over_Statbel_FR/Nomenclaturen/REFNIS_2025.csv
57096,Mouscron,nis_2019_2024,57096,Mouscron,nis_2025,2019-01-01,unchanged,https://statbel.fgov.be/sites/default/files/Over_Statbel_FR/Nomenclaturen/REFNIS_2025.csv
57097,Comines-Warneton,nis_2019_2024,57097,Comines-Warneton,nis_2025,2019-01-01,unchanged,https://statbel.fgov.be/sites/default/files/Over_Statbel_FR/Nomenclaturen/REFNIS_2025.csv
58001,La Louvière,nis_2019_2024,58001,La Louvière,nis_2025,2019-01-01,unchanged,https://statbel.fgov.be/sites/default/files/Over_Statbel_FR/Nomenclaturen/REFNIS_2025.csv
58002,Binche,nis_2019_2024,58002,Binche,nis_2025,2019-01-01,unchanged,https://statbel.fgov.be/sites/default/files/Over_Statbel_FR/Nomenclaturen/REFNIS_2025.csv
58003,Estinnes,nis_2019_2024,58003,Estinnes,nis_2025,2019-01-01,unchanged,https://statbel.fgov.be/sites/default/files/Over_Statbel_FR/Nomenclaturen/REFNIS_2025.csv
58004,Morlanwelz,nis_2019_2024,58004,Morlanwelz,nis_2025,2019-01-01,unchanged,https://statbel.fgov.be/sites/default/files/Over_Statbel_FR/Nomenclaturen/REFNIS_2025.csv
61003,Amay,nis_2019_2024,61003,Amay,nis_2025,2019-01-01,unchanged,https://statbel.fgov.be/sites/default/files/Over_Statbel_FR/Nomenclaturen/REFNIS_2025.csv
61010,Burdinne,nis_2019_2024,61010,Burdinne,nis_2025,2019-01-01,unchanged,https://statbel.fgov.be/sites/default/files/Over_Statbel_FR/Nomenclaturen/REFNIS_2025.csv
61012,Clavier,nis_2019_2024,61012,Clavier,nis_2025,2019-01-01,unchanged,https://statbel.fgov.be/sites/default/files/Over_Statbel_FR/Nomenclaturen/REFNIS_2025.csv
61019,Ferrières,nis_2019_2024,61019,Ferrières,nis_2025,2019-01-01,unchanged,https://statbel.fgov.be/sites/default/files/Over_Statbel_FR/Nomenclaturen/REFNIS_2025.csv
61024,Hamoir,nis_2019_2024,61024,Hamoir,nis_2025,2019-01-01,unchanged,https://statbel.fgov.be/sites/default/files/Over_Statbel_FR/Nomenclaturen/REFNIS_2025.csv
61028,Héron,nis_2019_2024,61028,Héron,nis_2025,2019-01-01,unchanged,https://statbel.fgov.be/sites/default/files/Over_Statbel_FR/Nomenclaturen/REFNIS_2025.csv
61031,Huy,nis_2019_2024,61031,Huy,nis_2025,2019-01-01,unchanged,https://statbel.fgov.be/sites/default/files/Over_Statbel_FR/Nomenclaturen/REFNIS_2025.csv
61039,Marchin,nis_2019_2024,61039,Marchin,nis_2025,2019-01-01,unchanged,https://statbel.fgov.be/sites/default/files/Over_Statbel_FR/Nomenclaturen/REFNIS_2025.csv
61041,Modave,nis_2019_2024,61041,Modave,nis_2025,2019-01-01,unchanged,https://statbel.fgov.be/sites/default/files/Over_Statbel_FR/Nomenclaturen/REFNIS_2025.csv
61043,Nandrin,nis_2019_2024,61043,Nandrin,nis_2025,2019-01-01,unchanged,https://statbel.fgov.be/sites/default/files/Over_Statbel_FR/Nomenclaturen/REFNIS_2025.csv
61048,Ouffet,nis_2019_2024,61048,Ouffet,nis_2025,2019-01-01,unchanged,https://statbel.fgov.be/sites/default/files/Over_Statbel_FR/Nomenclaturen/REFNIS_2025.csv
61063,Verlaine,nis_2019_2024,61063,Verlaine,nis_2025,2019-01-01,unchanged,https://statbel.fgov.be/sites/default/files/Over_Statbel_FR/Nomenclaturen/REFNIS_2025.csv
61068,Villers-Le-Bouillet,nis_2019_2024,61068,Villers-Le-Bouillet,nis_2025,2019-01-01,unchanged,https://statbel.fgov.be/sites/default/files/Over_Statbel_FR/Nomenclaturen/REFNIS_2025.csv
61072,Wanze,nis_2019_2024,61072,Wanze,nis_2025,2019-01-01,unchanged,https://statbel.fgov.be/sites/default/files/Over_Statbel_FR/Nomenclaturen/REFNIS_2025.csv
61079,Anthisnes,nis_2019_2024,61079,Anthisnes,nis_2025,2019-01-01,unchanged,https://statbel.fgov.be/sites/default/files/Over_Statbel_FR/Nomenclaturen/REFNIS_2025.csv
61080,Engis,nis_2019_2024,61080,Engis,nis_2025,2019-01-01,unchanged,https://statbel.fgov.be/sites/default/files/Over_Statbel_FR/Nomenclaturen/REFNIS_2025.csv
61081,Tinlot,nis_2019_2024,61081,Tinlot,nis_2025,2019-01-01,unchanged,https://statbel.fgov.be/sites/default/files/Over_Statbel_FR/Nomenclaturen/REFNIS_2025.csv
62003,Ans,nis_2019_2024,62003,Ans,nis_2025,2019-01-01,unchanged,https://statbel.fgov.be/sites/default/files/Over_Statbel_FR/Nomenclaturen/REFNIS_2025.csv
62006,Awans,nis_2019_2024,62006,Awans,nis_2025,2019-01-01,unchanged,https://statbel.fgov.be/sites/default/files/Over_Statbel_FR/Nomenclaturen/REFNIS_2025.csv
62009,Aywaille,nis_2019_2024,62009,Aywaille,nis_2025,2019-01-01,unchanged,https://statbel.fgov.be/sites/default/files/Over_Statbel_FR/Nomenclaturen/REFNIS_2025.csv
62011,Bassenge,nis_2019_2024,62011,Bassenge,nis_2025,2019-01-01,unchanged,https://statbel.fgov.be/sites/default/files/Over_Statbel_FR/Nomenclaturen/REFNIS_2025.csv
62015,Beyne-Heusay,nis_2019_2024,62015,Beyne-Heusay,nis_2025,2019-01-01,unchanged,https://statbel.fgov.be/sites/default/files/Over_Statbel_FR/Nomenclaturen/REFNIS_2025.csv
62022,Chaudfontaine,nis_2019_2024,62022,Chaudfontaine,nis_2025,2019-01-01,unchanged,https://statbel.fgov.be/sites/default/files/Over_Statbel_FR/Nomenclaturen/REFNIS_2025.csv
62026,Comblain-au-Pont,nis_2019_2024,62026,Comblain-au-Pont,nis_2025,2019-01-01,unchanged,https://statbel.fgov.be/sites/default/files/Over_Statbel_FR/Nomenclaturen/REFNIS_2025.csv
62027,Dalhem,nis_2019_2024,62027,Dalhem,nis_2025,2019-01-01,unchanged,https://statbel.fgov.be/sites/default/files/Over_Statbel_FR/Nomenclaturen/REFNIS_2025.csv
62032,Esneux,nis_2019_2024,62032,Esneux,nis_2025,2019-01-01,unchanged,https://statbel.fgov.be/sites/default/files/Over_Statbel_FR/Nomenclaturen/REFNIS_2025.csv
62038,Fléron,nis_2019_2024,62038,Fléron,nis_2025,2019-01-01,unchanged,https://statbel.fgov.be/sites/default/files/Over_Statbel_FR/Nomenclaturen/REFNIS_2025.csv
62051,Herstal,nis_2019_2024,62051,Herstal,nis_2025,2019-01-01,unchanged,https://statbel.fgov.be/sites/default/files/Over_Statbel_FR/Nomenclaturen/REFNIS_2025.csv
62060,Juprelle,nis_2019_2024,62060,Juprelle,nis_2025,2019-01-01,unchanged,https://statbel.fgov.be/sites/default/files/Over_Statbel_FR/Nomenclaturen/REFNIS_2025.csv
62063,Liège,nis_2019_2024,62063,Liège,nis_2025,2019-01-01,unchanged,https://statbel.fgov.be/sites/default/files/Over_Statbel_FR/Nomenclaturen/REFNIS_2025.csv
62079,Oupeye,nis_2019_2024,62079,Oupeye,nis_2025,2019-01-01,unchanged,https://statbel.fgov.be/sites/default/files/Over_Statbel_FR/Nomenclaturen/REFNIS_2025.csv
62093,Saint-Nicolas,nis_2019_2024,62093,Saint-Nicolas,nis_2025,2019-01-01,unchanged,https://statbel.fgov.be/sites/default/files/Over_Statbel_FR/Nomenclaturen/REFNIS_2025.csv
62096,Seraing,nis_2019_2024,62096,Seraing,nis_2025,2019-01-01,unchanged,https://statbel.fgov.be/sites/default/files/Over_Statbel_FR/Nomenclaturen/REFNIS_2025.csv
62099,Soumagne,nis_2019_2024,62099,Soumagne,nis_2025,2019-01-01,unchanged,https://statbel.fgov.be/sites/default/files/Over_Statbel_FR/Nomenclaturen/REFNIS_2025.csv
62100,Sprimont,nis_2019_2024,62100,Sprimont,nis_2025,2019-01-01,unchanged,https://statbel.fgov.be/sites/default/files/Over_Statbel_FR/Nomenclaturen/REFNIS_2025.csv
62108,Visé,nis_2019_2024,62108,Visé,nis_2025,2019-01-01,unchanged,https://statbel.fgov.be/sites/default/files/Over_Statbel_FR/Nomenclaturen/REFNIS_2025.csv
62118,Grâce-Hollogne,nis_2019_2024,62118,Grâce-Hollogne,nis_2025,2019-01-01,unchanged,https://statbel.fgov.be/sites/default/files/Over_Statbel_FR/Nomenclaturen/REFNIS_2025.csv
62119,Blegny,nis_2019_2024,62119,Blegny,nis_2025,2019-01-01,unchanged,https://statbel.fgov.be/sites/default/files/Over_Statbel_FR/Nomenclaturen/REFNIS_2025.csv
62120,Flémalle,nis_2019_2024,62120,Flémalle,nis_2025,2019-01-01,unchanged,https://statbel.fgov.be/sites/default/files/Over_Statbel_FR/Nomenclaturen/REFNIS_2025.csv
62121,Neupré,nis_2019_2024,62121,Neupré,nis_2025,2019-01-01,unchanged,https://statbel.fgov.be/sites/default/files/Over_Statbel_FR/Nomenclaturen/REFNIS_2025.csv
62122,Trooz,nis_2019_2024,62122,Trooz,nis_2025,2019-01-01,unchanged,https://statbel.fgov.be/sites/default/files/Over_Statbel_FR/Nomenclaturen/REFNIS_2025.csv
63001,Amel,nis_2019_2024,63001,Amel,nis_2025,2019-01-01,unchanged,https://statbel.fgov.be/sites/default/files/Over_Statbel_FR/Nomenclaturen/REFNIS_2025.csv
63003,Aubel,nis_2019_2024,63003,Aubel,nis_2025,2019-01-01,unchanged,https://statbel.fgov.be/sites/default/files/Over_Statbel_FR/Nomenclaturen/REFNIS_2025.csv
63004,Baelen,nis_2019_2024,63004,Baelen,nis_2025,2019-01-01,unchanged,https://statbel.fgov.be/sites/default/files/Over_Statbel_FR/Nomenclaturen/REFNIS_2025.csv
63012,Büllingen,nis_2019_2024,63012,Büllingen,nis_2025,2019-01-01,unchanged,https://statbel.fgov.be/sites/default/files/Over_Statbel_FR/Nomenclaturen/REFNIS_2025.csv
63013,Bütgenbach,nis_2019_2024,63013,Bütgenbach,nis_2025,2019-01-01,unchanged,https://statbel.fgov.be/sites/default/files/Over_Statbel_FR/Nomenclaturen/REFNIS_2025.csv
63020,Dison,nis_2019_2024,63020,Dison,nis_2025,2019-01-01,unchanged,https://statbel.fgov.be/sites/default/files/Over_Statbel_FR/Nomenclaturen/REFNIS_2025.csv
63023,Eupen,nis_2019_2024,63023,Eupen,nis_2025,2019-01-01,unchanged,https://statbel.fgov.be/sites/default/files/Over_Statbel_FR/Nomenclaturen/REFNIS_2025.csv
63035,Herve,nis_2019_2024,63035,Herve,nis_2025,2019-01-01,unchanged,https://statbel.fgov.be/sites/default/files/Over_Statbel_FR/Nomenclaturen/REFNIS_2025.csv
63038,Jalhay,nis_2019_2024,63038,Jalhay,nis_2025,2019-01-01,unchanged,https://statbel.fgov.be/sites/default/files/Over_Statbel_FR/Nomenclaturen/REFNIS_2025.csv
63040,Kelmis,nis_2019_2024,63040,Kelmis,nis_2025,2019-01-01,unchanged,https://statbel.fgov.be/sites/default/files/Over_Statbel_FR/Nomenclaturen/REFNIS_2025.csv
63045,Lierneux,nis_2019_2024,63045,Lierneux,nis_2025,2019-01-01,unchanged,https://statbel.fgov.be/sites/default/files/Over_Statbel_FR/Nomenclaturen/REFNIS_2025.csv
63046,Limbourg,nis_2019_2024,63046,Limbourg,nis_2025,2019-01-01,unchanged,https://statbel.fgov.be/sites/default/files/Over_Statbel_FR/Nomenclaturen/REFNIS_2025.csv
63048,Lontzen,nis_2019_2024,63048,Lontzen,nis_2025,2019-01-01,unchanged,https://statbel.fgov.be/sites/default/files/Over_Statbel_FR/Nomenclaturen/REFNIS_2025.csv
63049,Malmedy,nis_2019_2024,63049,Malmedy,nis_2025,2019-01-01,unchanged,https://statbel.fgov.be/sites/default/files/Over_Statbel_FR/Nomenclaturen/REFNIS_2025.csv
63057,Olne,nis_2019_2024,63057,Olne,nis_2025,2019-01-01,unchanged,https://statbel.fgov.be/sites/default/files/Over_Statbel_FR/Nomenclaturen/REFNIS_2025.csv
63058,Pepinster,nis_2019_2024,63058,Pepinster,nis_2025,2019-01-01,unchanged,https://statbel.fgov.be/sites/default/files/Over_Statbel_FR/Nomenclaturen/REFNIS_2025.csv
63061,Raeren,nis_2019_2024,63061,Raeren,nis_2025,2019-01-01,unchanged,https://statbel.fgov.be/sites/default/files/Over_Statbel_FR/Nomenclaturen/REFNIS_2025.csv
63067,Sankt Vith,nis_2019_2024,63067,Sankt Vith,nis_2025,2019-01-01,unchanged,https://statbel.fgov.be/sites/default/files/Over_Statbel_FR/Nomenclaturen/REFNIS_2025.csv
63072,Spa,nis_2019_2024,63072,Spa,nis_2025,2019-01-01,unchanged,https://statbel.fgov.be/sites/default/files/Over_Statbel_FR/Nomenclaturen/REFNIS_2025.csv
63073,Stavelot,nis_2019_2024,63073,Stavelot,nis_2025,2019-01-01,unchanged,https://statbel.fgov.be/sites/default/files/Over_Statbel_FR/Nomenclaturen/REFNIS_2025.csv
63075,Stoumont,nis_2019_2024,63075,Stoumont,nis_2025,2019-01-01,unchanged,https://statbel.fgov.be/sites/default/files/Over_Statbel_FR/Nomenclaturen/REFNIS_2025.csv
63076,Theux,nis_2019_2024,63076,Theux,nis_2025,2019-01-01,unchanged,https://statbel.fgov.be/sites/default/files/Over_Statbel_FR/Nomenclaturen/REFNIS_2025.csv
63079,Verviers,nis_2019_2024,63079,Verviers,nis_2025,2019-01-01,unchanged,https://statbel.fgov.be/sites/default/files/Over_Statbel_FR/Nomenclaturen/REFNIS_2025.csv
63080,Weismes,nis_2019_2024,63080,Weismes,nis_2025,2019-01-01,unchanged,https://statbel.fgov.be/sites/default/files/Over_Statbel_FR/Nomenclaturen/REFNIS_2025.csv
63084,Welkenraedt,nis_2019_2024,63084,Welkenraedt,nis_2025,2019-01-01,unchanged,https://statbel.fgov.be/sites/default/files/Over_Statbel_FR/Nomenclaturen/REFNIS_2025.csv
63086,Trois-Ponts,nis_2019_2024,63086,Trois-Ponts,nis_2025,2019-01-01,unchanged,https://statbel.fgov.be/sites/default/files/Over_Statbel_FR/Nomenclaturen/REFNIS_2025.csv
63087,Burg-Reuland,nis_2019_2024,63087,Burg-Reuland,nis_2025,2019-01-01,unchanged,https://statbel.fgov.be/sites/default/files/Over_Statbel_FR/Nomenclaturen/REFNIS_2025.csv
63088,Plombières,nis_2019_2024,63088,Plombières,nis_2025,2019-01-01,unchanged,https://statbel.fgov.be/sites/default/files/Over_Statbel_FR/Nomenclaturen/REFNIS_2025.csv
63089,Thimister-Clermont,nis_2019_2024,63089,Thimister-Clermont,nis_2025,2019-01-01,unchanged,https://statbel.fgov.be/sites/default/files/Over_Statbel_FR/Nomenclaturen/REFNIS_2025.csv
64008,Berloz,nis_2019_2024,64008,Berloz,nis_2025,2019-01-01,unchanged,https://statbel.fgov.be/sites/default/files/Over_Statbel_FR/Nomenclaturen/REFNIS_2025.csv
64015,Braives,nis_2019_2024,64015,Braives,nis_2025,2019-01-01,unchanged,https://statbel.fgov.be/sites/default/files/Over_Statbel_FR/Nomenclaturen/REFNIS_2025.csv
64021,Crisnée,nis_2019_2024,64021,Crisnée,nis_2025,2019-01-01,unchanged,https://statbel.fgov.be/sites/default/files/Over_Statbel_FR/Nomenclaturen/REFNIS_2025.csv
64023,Donceel,nis_2019_2024,64023,Donceel,nis_2025,2019-01-01,unchanged,https://statbel.fgov.be/sites/default/files/Over_Statbel_FR/Nomenclaturen/REFNIS_2025.csv
64025,Fexhe-le-Haut-Clocher,nis_2019_2024,64025,Fexhe-le-Haut-Clocher,nis_2025,2019-01-01,unchanged,https://statbel.fgov.be/sites/default/files/Over_Statbel_FR/Nomenclaturen/REFNIS_2025.csv
64029,Geer,nis_2019_2024,64029,Geer,nis_2025,2019-01-01,unchanged,https://statbel.fgov.be/sites/default/files/Over_Statbel_FR/Nomenclaturen/REFNIS_2025.csv
64034,Hannut,nis_2019_2024,64034,Hannut,nis_2025,2019-01-01,unchanged,https://statbel.fgov.be/sites/default/files/Over_Statbel_FR/Nomenclaturen/REFNIS_2025.csv
64047,Lincent,nis_2019_2024,64047,Lincent,nis_2025,2019-01-01,unchanged,https://statbel.fgov.be/sites/default/files/Over_Statbel_FR/Nomenclaturen/REFNIS_2025.csv
64056,Oreye,nis_2019_2024,64056,Oreye,nis_2025,2019-01-01,unchanged,https://statbel.fgov.be/sites/default/files/Over_Statbel_FR/Nomenclaturen/REFNIS_2025.csv
64063,Remicourt,nis_2019_2024,64063,Remicourt,nis_2025,2019-01-01,unchanged,https://statbel.fgov.be/sites/default/files/Over_Statbel_FR/Nomenclaturen/REFNIS_2025.csv
64065,Saint-Georges-sur-Meuse,nis_2019_2024,64065,Saint-Georges-sur-Meuse,nis_2025,2019-01-01,unchanged,https://statbel.fgov.be/sites/default/files/Over_Statbel_FR/Nomenclaturen/REFNIS_2025.csv
64074,Waremme,nis_2019_2024,64074,Waremme,nis_2025,2019-01-01,unchanged,https://statbel.fgov.be/sites/default/files/Over_Statbel_FR/Nomenclaturen/REFNIS_2025.csv
64075,Wasseiges,nis_2019_2024,64075,Wasseiges,nis_2025,2019-01-01,unchanged,https://statbel.fgov.be/sites/default/files/Over_Statbel_FR/Nomenclaturen/REFNIS_2025.csv
64076,Faimes,nis_2019_2024,64076,Faimes,nis_2025,2019-01-01,unchanged,https://statbel.fgov.be/sites/default/files/Over_Statbel_FR/Nomenclaturen/REFNIS_2025.csv
71002,As,nis_2019_2024,71002,As,nis_2025,2019-01-01,unchanged,https://statbel.fgov.be/sites/default/files/Over_Statbel_FR/Nomenclaturen/REFNIS_2025.csv
71004,Beringen,nis_2019_2024,71004,Beringen,nis_2025,2019-01-01,unchanged,https://statbel.fgov.be/sites/default/files/Over_Statbel_FR/Nomenclaturen/REFNIS_2025.csv
71011,Diepenbeek,nis_2019_2024,71011,Diepenbeek,nis_2025,2019-01-01,unchanged,https://statbel.fgov.be/sites/default/files/Over_Statbel_FR/Nomenclaturen/REFNIS_2025.csv
71016,Genk,nis_2019_2024,71016,Genk,nis_2025,2019-01-01,unchanged,https://statbel.fgov.be/sites/default/files/Over_Statbel_FR/Nomenclaturen/REFNIS_2025.csv
71017,Gingelom,nis_2019_2024,71017,Gingelom,nis_2025,2019-01-01,unchanged,https://statbel.fgov.be/sites/default/files/Over_Statbel_FR/Nomenclaturen/REFNIS_2025.csv
71020,Halen,nis_2019_2024,71020,Halen,nis_2025,2019-01-01,unchanged,https://statbel.fgov.be/sites/default/files/Over_Statbel_FR/Nomenclaturen/REFNIS_2025.csv
71022,Hasselt,nis_2019_2024,71072,Hasselt,nis_2025,2025-01-01,merged,https://statbel.fgov.be/sites/default/files/Over_Statbel_FR/Nomenclaturen/REFNIS_2025.csv
71024,Herk-de-Stad,nis_2019_2024,71024,Herk-de-Stad,nis_2025,2019-01-01,unchanged,https://statbel.fgov.be/sites/default/files/Over_Statbel_FR/Nomenclaturen/REFNIS_2025.csv
71034,Leopoldsburg,nis_2019_2024,71034,Leopoldsburg,nis_2025,2019-01-01,unchanged,https://statbel.fgov.be/sites/default/files/Over_Statbel_FR/Nomenclaturen/REFNIS_2025.csv
71037,Lummen,nis_2019_2024,71037,Lummen,nis_2025,2019-01-01,unchanged,https://statbel.fgov.be/sites/default/files/Over_Statbel_FR/Nomenclaturen/REFNIS_2025.csv
71045,Nieuwerkerken,nis_2019_2024,71045,Nieuwerkerken,nis_2025,2019-01-01,unchanged,https://statbel.fgov.be/sites/default/files/Over_Statbel_FR/Nomenclaturen/REFNIS_2025.csv
71053,Sint-Truiden,nis_2019_2024,71053,Sint-Truiden,nis_2025,2019-01-01,unchanged,https://statbel.fgov.be/sites/default/files/Over_Statbel_FR/Nomenclaturen/REFNIS_2025.csv
71057,Tessenderlo,nis_2019_2024,71071,Tessenderlo-Ham,nis_2025,2025-01-01,merged,https://statbel.fgov.be/sites/default/files/Over_Statbel_FR/Nomenclaturen/REFNIS_2025.csv
71066,Zonhoven,nis_2019_2024,71066,Zonhoven,nis_2025,2019-01-01,unchanged,https://statbel.fgov.be/sites/default/files/Over_Statbel_FR/Nomenclaturen/REFNIS_2025.csv
71067,Zutendaal,nis_2019_2024,71067,Zutendaal,nis_2025,2019-01-01,unchanged,https://statbel.fgov.be/sites/default/files/Over_Statbel_FR/Nomenclaturen/REFNIS_2025.csv
71069,Ham,nis_2019_2024,71071,Tessenderlo-Ham,nis_2025,2025-01-01,merged,https://statbel.fgov.be/sites/default/files/Over_Statbel_FR/Nomenclaturen/REFNIS_2025.csv
71070,Heusden-Zolder,nis_2019_2024,71070,Heusden-Zolder,nis_2025,2019-01-01,unchanged,https://statbel.fgov.be/sites/default/files/Over_Statbel_FR/Nomenclaturen/REFNIS_2025.csv
72003,Bocholt,nis_2019_2024,72003,Bocholt,nis_2025,2019-01-01,unchanged,https://statbel.fgov.be/sites/default/files/Over_Statbel_FR/Nomenclaturen/REFNIS_2025.csv
72004,Bree,nis_2019_2024,72004,Bree,nis_2025,2019-01-01,unchanged,https://statbel.fgov.be/sites/default/files/Over_Statbel_FR/Nomenclaturen/REFNIS_2025.csv
72018,Kinrooi,nis_2019_2024,72018,Kinrooi,nis_2025,2019-01-01,unchanged,https://statbel.fgov.be/sites/default/files/Over_Statbel_FR/Nomenclaturen/REFNIS_2025.csv
72020,Lommel,nis_2019_2024,72020,Lommel,nis_2025,2019-01-01,unchanged,https://statbel.fgov.be/sites/default/files/Over_Statbel_FR/Nomenclaturen/REFNIS_2025.csv
72021,Maaseik,nis_2019_2024,72021,Maaseik,nis_2025,2019-01-01,unchanged,https://statbel.fgov.be/sites/default/files/Over_Statbel_FR/Nomenclaturen/REFNIS_2025.csv
72030,Peer,nis_2019_2024,72030,Peer,nis_2025,2019-01-01,unchanged,https://statbel.fgov.be/sites/default/files/Over_Statbel_FR/Nomenclaturen/REFNIS_2025.csv
72037,Hamont-Achel,nis_2019_2024,72037,Hamont-Achel,nis_2025,2019-01-01,unchanged,https://statbel.fgov.be/sites/default/files/Over_Statbel_FR/Nomenclaturen/REFNIS_2025.csv
72038,Hechtel-Eksel,nis_2019_2024,72038,Hechtel-Eksel,nis_2025,2019-01-01,unchanged,https://statbel.fgov.be/sites/default/files/Over_Statbel_FR/Nomenclaturen/REFNIS_2025.csv
72039,Houthalen-Helchteren,nis_2019_2024,72039,Houthalen-Helchteren,nis_2025,2019-01-01,unchanged,https://statbel.fgov.be/sites/default/files/Over_Statbel_FR/Nomenclaturen/REFNIS_2025.csv
72041,Dilsen-Stokkem,nis_2019_2024,72041,Dilsen-Stokkem,nis_2025,2019-01-01,unchanged,https://statbel.fgov.be/sites/default/files/Over_Statbel_FR/Nomenclaturen/REFNIS_2025.csv
72042,Oudsbergen,nis_2019_2024,72042,Oudsbergen,nis_2025,2019-01-01,unchanged,https://statbel.fgov.be/sites/default/files/Over_Statbel_FR/Nomenclaturen/REFNIS_2025.csv
72043,Pelt,nis_2019_2024,72043,Pelt,nis_2025,2019-01-01,unchanged,https://statbel.fgov.be/sites/default/files/Over_Statbel_FR/Nomenclaturen/REFNIS_2025.csv
73001,Alken,nis_2019_2024,73001,Alken,nis_2025,2019-01-01,unchanged,https://statbel.fgov.be/sites/default/files/Over_Statbel_FR/Nomenclaturen/REFNIS_2025.csv
73006,Bilzen,nis_2019_2024,73110,Bilzen-Hoeselt,nis_2025,2025-01-01,merged,https://statbel.fgov.be/sites/default/files/Over_Statbel_FR/Nomenclaturen/REFNIS_2025.csv
73009,Borgloon,nis_2019_2024,73111,Tongeren-Borgloon,nis_2025,2025-01-01,merged,https://statbel.fgov.be/sites/default/files/Over_Statbel_FR/Nomenclaturen/REFNIS_2025.csv
73022,Heers,nis_2019_2024,73022,Heers,nis_2025,2019-01-01,unchanged,https://statbel.fgov.be/sites/default/files/Over_Statbel_FR/Nomenclaturen/REFNIS_2025.csv
73028,Herstappe,nis_2019_2024,73028,Herstappe,nis_2025,2019-01-01,unchanged,https://statbel.fgov.be/sites/default/files/Over_Statbel_FR/Nomenclaturen/REFNIS_2025.csv
73032,Hoeselt,nis_2019_2024,73110,Bilzen-Hoeselt,nis_2025,2025-01-01,merged,https://statbel.fgov.be/sites/default/files/Over_Statbel_FR/Nomenclaturen/REFNIS_2025.csv
73040,Kortessem,nis_2019_2024,71072,Hasselt,nis_2025,2025-01-01,merged,https://statbel.fgov.be/sites/default/files/Over_Statbel_FR/Nomenclaturen/REFNIS_2025.csv
73042,Lanaken,nis_2019_2024,73042,Lanaken,nis_2025,2019-01-01,unchanged,https://statbel.fgov.be/sites/default/files/Over_Statbel_FR/Nomenclaturen/REFNIS_2025.csv
73066,Riemst,nis_2019_2024,73066,Riemst,nis_2025,2019-01-01,unchanged,https://statbel.fgov.be/sites/default/files/Over_Statbel_FR/Nomenclaturen/REFNIS_2025.csv
73083,Tongeren,nis_2019_2024,73111,Tongeren-Borgloon,nis_2025,2025-01-01,merged,https://statbel.fgov.be/sites/default/files/Over_Statbel_FR/Nomenclaturen/REFNIS_2025.csv
73098,Wellen,nis_2019_2024,73098,Wellen,nis_2025,2019-01-01,unchanged,https://statbel.fgov.be/sites/default/files/Over_Statbel_FR/Nomenclaturen/REFNIS_2025.csv
73107,Maasmechelen,nis_2019_2024,73107,Maasmechelen,nis_2025,2019-01-01,unchanged,https://statbel.fgov.be/sites/default/files/Over_Statbel_FR/Nomenclaturen/REFNIS_2025.csv
73109,Voeren,nis_2019_2024,73109,Voeren,nis_2025,2019-01-01,unchanged,https://statbel.fgov.be/sites/default/files/Over_Statbel_FR/Nomenclaturen/REFNIS_2025.csv
81001,Arlon,nis_2019_2024,81001,Arlon,nis_2025,2019-01-01,unchanged,https://statbel.fgov.be/sites/default/files/Over_Statbel_FR/Nomenclaturen/REFNIS_2025.csv
81003,Attert,nis_2019_2024,81003,Attert,nis_2025,2019-01-01,unchanged,https://statbel.fgov.be/sites/default/files/Over_Statbel_FR/Nomenclaturen/REFNIS_2025.csv
81004,Aubange,nis_2019_2024,81004,Aubange,nis_2025,2019-01-01,unchanged,https://statbel.fgov.be/sites/default/files/Over_Statbel_FR/Nomenclaturen/REFNIS_2025.csv
81013,Martelange,nis_2019_2024,81013,Martelange,nis_2025,2019-01-01,unchanged,https://statbel.fgov.be/sites/default/files/Over_Statbel_FR/Nomenclaturen/REFNIS_2025.csv
81015,Messancy,nis_2019_2024,81015,Messancy,nis_2025,2019-01-01,unchanged,https://statbel.fgov.be/sites/default/files/Over_Statbel_FR/Nomenclaturen/REFNIS_2025.csv
82003,Bastogne,nis_2019_2024,82039,Bastogne,nis_2025,2024-12-02,merged,https://statbel.fgov.be/sites/default/files/Over_Statbel_FR/Nomenclaturen/REFNIS_2025.csv
82005,Bertogne,nis_2019_2024,82039,Bastogne,nis_2025,2024-12-02,merged,https://statbel.fgov.be/sites/default/files/Over_Statbel_FR/Nomenclaturen/REFNIS_2025.csv
82009,Fauvillers,nis_2019_2024,82009,Fauvillers,nis_2025,2019-01-01,unchanged,https://statbel.fgov.be/sites/default/files/Over_Statbel_FR/Nomenclaturen/REFNIS_2025.csv
82014,Houffalize,nis_2019_2024,82014,Houffalize,nis_2025,2019-01-01,unchanged,https://statbel.fgov.be/sites/default/files/Over_Statbel_FR/Nomenclaturen/REFNIS_2025.csv
82032,Vielsalm,nis_2019_2024,82032,Vielsalm,nis_2025,2019-01-01,unchanged,https://statbel.fgov.be/sites/default/files/Over_Statbel_FR/Nomenclaturen/REFNIS_2025.csv
82036,Vaux-sur-Sûre,nis_2019_2024,82036,Vaux-sur-Sûre,nis_2025,2019-01-01,unchanged,https://statbel.fgov.be/sites/default/files/Over_Statbel_FR/Nomenclaturen/REFNIS_2025.csv
82037,Gouvy,nis_2019_2024,82037,Gouvy,nis_2025,2019-01-01,unchanged,https://statbel.fgov.be/sites/default/files/Over_Statbel_FR/Nomenclaturen/REFNIS_2025.csv
82038,Sainte-Ode,nis_2019_2024,82038,Sainte-Ode,nis_2025,2019-01-01,unchanged,https://statbel.fgov.be/sites/default/files/Over_Statbel_FR/Nomenclaturen/REFNIS_2025.csv
83012,Durbuy,nis_2019_2024,83012,Durbuy,nis_2025,2019-01-01,unchanged,https://statbel.fgov.be/sites/default/files/Over_Statbel_FR/Nomenclaturen/REFNIS_2025.csv
83013,Erezée,nis_2019_2024,83013,Erezée,nis_2025,2019-01-01,unchanged,https://statbel.fgov.be/sites/default/files/Over_Statbel_FR/Nomenclaturen/REFNIS_2025.csv
83028,Hotton,nis_2019_2024,83028,Hotton,nis_2025,2019-01-01,unchanged,https://statbel.fgov.be/sites/default/files/Over_Statbel_FR/Nomenclaturen/REFNIS_2025.csv
83031,La Roche-en-Ardenne,nis_2019_2024,83031,La Roche-en-Ardenne,nis_2025,2019-01-01,unchanged,https://statbel.fgov.be/sites/default/files/Over_Statbel_FR/Nomenclaturen/REFNIS_2025.csv
83034,Marche-en-Famenne,nis_2019_2024,83034,Marche-en-Famenne,nis_2025,2019-01-01,unchanged,https://statbel.fgov.be/sites/default/files/Over_Statbel_FR/Nomenclaturen/REFNIS_2025.csv
83040,Nassogne,nis_2019_2024,83040,Nassogne,nis_2025,2019-01-01,unchanged,https://statbel.fgov.be/sites/default/files/Over_Statbel_FR/Nomenclaturen/REFNIS_2025.csv
83044,Rendeux,nis_2019_2024,83044,Rendeux,nis_2025,2019-01-01,unchanged,https://statbel.fgov.be/sites/default/files/Over_Statbel_FR/Nomenclaturen/REFNIS_2025.csv
83049,Tenneville,nis_2019_2024,83049,Tenneville,nis_2025,2019-01-01,unchanged,https://statbel.fgov.be/sites/default/files/Over_Statbel_FR/Nomenclaturen/REFNIS_2025.csv
83055,Manhay,nis_2019_2024,83055,Manhay,nis_2025,2019-01-01,unchanged,https://statbel.fgov.be/sites/default/files/Over_Statbel_FR/Nomenclaturen/REFNIS_2025.csv
84009,Bertrix,nis_2019_2024,84009,Bertrix,nis_2025,2019-01-01,unchanged,https://statbel.fgov.be/sites/default/files/Over_Statbel_FR/Nomenclaturen/REFNIS_2025.csv
84010,Bouillon,nis_2019_2024,84010,Bouillon,nis_2025,2019-01-01,unchanged,https://statbel.fgov.be/sites/default/files/Over_Statbel_FR/Nomenclaturen/REFNIS_2025.csv
84016,Daverdisse,nis_2019_2024,84016,Daverdisse,nis_2025,2019-01-01,unchanged,https://statbel.fgov.be/sites/default/files/Over_Statbel_FR/Nomenclaturen/REFNIS_2025.csv
84029,Herbeumont,nis_2019_2024,84029,Herbeumont,nis_2025,2019-01-01,unchanged,https://statbel.fgov.be/sites/default/files/Over_Statbel_FR/Nomenclaturen/REFNIS_2025.csv
84033,Léglise,nis_2019_2024,84033,Léglise,nis_2025,2019-01-01,unchanged,https://statbel.fgov.be/sites/default/files/Over_Statbel_FR/Nomenclaturen/REFNIS_2025.csv
84035,Libin,nis_2019_2024,84035,Libin,nis_2025,2019-01-01,unchanged,https://statbel.fgov.be/sites/default/files/Over_Statbel_FR/Nomenclaturen/REFNIS_2025.csv
84043,Neufchâteau,nis_2019_2024,84043,Neufchâteau,nis_2025,2019-01-01,unchanged,https://statbel.fgov.be/sites/default/files/Over_Statbel_FR/Nomenclaturen/REFNIS_2025.csv
84050,Paliseul,nis_2019_2024,84050,Paliseul,nis_2025,2019-01-01,unchanged,https://statbel.fgov.be/sites/default/files/Over_Statbel_FR/Nomenclaturen/REFNIS_2025.csv
84059,Saint-Hubert,nis_2019_2024,84059,Saint-Hubert,nis_2025,2019-01-01,unchanged,https://statbel.fgov.be/sites/default/files/Over_Statbel_FR/Nomenclaturen/REFNIS_2025.csv
84068,Tellin,nis_2019_2024,84068,Tellin,nis_2025,2019-01-01,unchanged,https://statbel.fgov.be/sites/default/files/Over_Statbel_FR/Nomenclaturen/REFNIS_2025.csv
84075,Wellin,nis_2019_2024,84075,Wellin,nis_2025,2019-01-01,unchanged,https://statbel.fgov.be/sites/default/files/Over_Statbel_FR/Nomenclaturen/REFNIS_2025.csv
84077,Libramont-Chevigny,nis_2019_2024,84077,Libramont-Chevigny,nis_2025,2019-01-01,unchanged,https://statbel.fgov.be/sites/default/files/Over_Statbel_FR/Nomenclaturen/REFNIS_2025.csv
85007,Chiny,nis_2019_2024,85007,Chiny,nis_2025,2019-01-01,unchanged,https://statbel.fgov.be/sites/default/files/Over_Statbel_FR/Nomenclaturen/REFNIS_2025.csv
85009,Etalle,nis_2019_2024,85009,Etalle,nis_2025,2019-01-01,unchanged,https://statbel.fgov.be/sites/default/files/Over_Statbel_FR/Nomenclaturen/REFNIS_2025.csv
85011,Florenville,nis_2019_2024,85011,Florenville,nis_2025,2019-01-01,unchanged,https://statbel.fgov.be/sites/default/files/Over_Statbel_FR/Nomenclaturen/REFNIS_2025.csv
85024,Meix-devant-Virton,nis_2019_2024,85024,Meix-devant-Virton,nis_2025,2019-01-01,unchanged,https://statbel.fgov.be/sites/default/files/Over_Statbel_FR/Nomenclaturen/REFNIS_2025.csv
85026,Musson,nis_2019_2024,85026,Musson,nis_2025,2019-01-01,unchanged,https://statbel.fgov.be/sites/default/files/Over_Statbel_FR/Nomenclaturen/REFNIS_2025.csv
85034,Saint-Léger,nis_2019_2024,85034,Saint-Léger,nis_2025,2019-01-01,unchanged,https://statbel.fgov.be/sites/default/files/Over_Statbel_FR/Nomenclaturen/REFNIS_2025.csv
85039,Tintigny,nis_2019_2024,85039,Tintigny,nis_2025,2019-01-01,unchanged,https://statbel.fgov.be/sites/default/files/Over_Statbel_FR/Nomenclaturen/REFNIS_2025.csv
85045,Virton,nis_2019_2024,85045,Virton,nis_2025,2019-01-01,unchanged,https://statbel.fgov.be/sites/default/files/Over_Statbel_FR/Nomenclaturen/REFNIS_2025.csv
85046,Habay,nis_2019_2024,85046,Habay,nis_2025,2019-01-01,unchanged,https://statbel.fgov.be/sites/default/files/Over_Statbel_FR/Nomenclaturen/REFNIS_2025.csv
85047,Rouvroy,nis_2019_2024,85047,Rouvroy,nis_2025,2019-01-01,unchanged,https://statbel.fgov.be/sites/default/files/Over_Statbel_FR/Nomenclaturen/REFNIS_2025.csv
91005,Anhée,nis_2019_2024,91005,Anhée,nis_2025,2019-01-01,unchanged,https://statbel.fgov.be/sites/default/files/Over_Statbel_FR/Nomenclaturen/REFNIS_2025.csv
91013,Beauraing,nis_2019_2024,91013,Beauraing,nis_2025,2019-01-01,unchanged,https://statbel.fgov.be/sites/default/files/Over_Statbel_FR/Nomenclaturen/REFNIS_2025.csv
91015,Bièvre,nis_2019_2024,91015,Bièvre,nis_2025,2019-01-01,unchanged,https://statbel.fgov.be/sites/default/files/Over_Statbel_FR/Nomenclaturen/REFNIS_2025.csv
91030,Ciney,nis_2019_2024,91030,Ciney,nis_2025,2019-01-01,unchanged,https://statbel.fgov.be/sites/default/files/Over_Statbel_FR/Nomenclaturen/REFNIS_2025.csv
91034,Dinant,nis_2019_2024,91034,Dinant,nis_2025,2019-01-01,unchanged,https://statbel.fgov.be/sites/default/files/Over_Statbel_FR/Nomenclaturen/REFNIS_2025.csv
91054,Gedinne,nis_2019_2024,91054,Gedinne,nis_2025,2019-01-01,unchanged,https://statbel.fgov.be/sites/default/files/Over_Statbel_FR/Nomenclaturen/REFNIS_2025.csv
91059,Hamois,nis_2019_2024,91059,Hamois,nis_2025,2019-01-01,unchanged,https://statbel.fgov.be/sites/default/files/Over_Statbel_FR/Nomenclaturen/REFNIS_2025.csv
91064,Havelange,nis_2019_2024,91064,Havelange,nis_2025,2019-01-01,unchanged,https://statbel.fgov.be/sites/default/files/Over_Statbel_FR/Nomenclaturen/REFNIS_2025.csv
91072,Houyet,nis_2019_2024,91072,Houyet,nis_2025,2019-01-01,unchanged,https://statbel.fgov.be/sites/default/files/Over_Statbel_FR/Nomenclaturen/REFNIS_2025.csv
91103,Onhaye,nis_2019_2024,91103,Onhaye,nis_2025,2019-01-01,unchanged,https://statbel.fgov.be/sites/default/files/Over_Statbel_FR/Nomenclaturen/REFNIS_2025.csv
91114,Rochefort,nis_2019_2024,91114,Rochefort,nis_2025,2019-01-01,unchanged,https://statbel.fgov.be/sites/default/files/Over_Statbel_FR/Nomenclaturen/REFNIS_2025.csv
91120,Somme-Leuze,nis_2019_2024,91120,Somme-Leuze,nis_2025,2019-01-01,unchanged,https://statbel.fgov.be/sites/default/files/Over_Statbel_FR/Nomenclaturen/REFNIS_2025.csv
91141,Yvoir,nis_2019_2024,91141,Yvoir,nis_2025,2019-01-01,unchanged,https://statbel.fgov.be/sites/default/files/Over_Statbel_FR/Nomenclaturen/REFNIS_2025.csv
91142,Hastière,nis_2019_2024,91142,Hastière,nis_2025,2019-01-01,unchanged,https://statbel.fgov.be/sites/default/files/Over_Statbel_FR/Nomenclaturen/REFNIS_2025.csv
91143,Vresse-sur-Semois,nis_2019_2024,91143,Vresse-sur-Semois,nis_2025,2019-01-01,unchanged,https://statbel.fgov.be/sites/default/files/Over_Statbel_FR/Nomenclaturen/REFNIS_2025.csv
92003,Andenne,nis_2019_2024,92003,Andenne,nis_2025,2019-01-01,unchanged,https://statbel.fgov.be/sites/default/files/Over_Statbel_FR/Nomenclaturen/REFNIS_2025.csv
92006,Assesse,nis_2019_2024,92006,Assesse,nis_2025,2019-01-01,unchanged,https://statbel.fgov.be/sites/default/files/Over_Statbel_FR/Nomenclaturen/REFNIS_2025.csv
92035,Eghezée,nis_2019_2024,92035,Eghezée,nis_2025,2019-01-01,unchanged,https://statbel.fgov.be/sites/default/files/Over_Statbel_FR/Nomenclaturen/REFNIS_2025.csv
92045,Floreffe,nis_2019_2024,92045,Floreffe,nis_2025,2019-01-01,unchanged,https://statbel.fgov.be/sites/default/files/Over_Statbel_FR/Nomenclaturen/REFNIS_2025.csv
92048,Fosses-la-Ville,nis_2019_2024,92048,Fosses-la-Ville,nis_2025,2019-01-01,unchanged,https://statbel.fgov.be/sites/default/files/Over_Statbel_FR/Nomenclaturen/REFNIS_2025.csv
92054,Gesves,nis_2019_2024,92054,Gesves,nis_2025,2019-01-01,unchanged,https://statbel.fgov.be/sites/default/files/Over_Statbel_FR/Nomenclaturen/REFNIS_2025.csv
92087,Mettet,nis_2019_2024,92087,Mettet,nis_2025,2019-01-01,unchanged,https://statbel.fgov.be/sites/default/files/Over_Statbel_FR/Nomenclaturen/REFNIS_2025.csv
92094,Namur,nis_2019_2024,92094,Namur,nis_2025,2019-01-01,unchanged,https://statbel.fgov.be/sites/default/files/Over_Statbel_FR/Nomenclaturen/REFNIS_2025.csv
92097,Ohey,nis_2019_2024,92097,Ohey,nis_2025,2019-01-01,unchanged,https://statbel.fgov.be/sites/default/files/Over_Statbel_FR/Nomenclaturen/REFNIS_2025.csv
92101,Profondeville,nis_2019_2024,92101,Profondeville,nis_2025,2019-01-01,unchanged,https://statbel.fgov.be/sites/default/files/Over_Statbel_FR/Nomenclaturen/REFNIS_2025.csv
92114,Sombreffe,nis_2019_2024,92114,Sombreffe,nis_2025,2019-01-01,unchanged,https://statbel.fgov.be/sites/default/files/Over_Statbel_FR/Nomenclaturen/REFNIS_2025.csv
92137,Sambreville,nis_2019_2024,92137,Sambreville,nis_2025,2019-01-01,unchanged,https://statbel.fgov.be/sites/default/files/Over_Statbel_FR/Nomenclaturen/REFNIS_2025.csv
92138,Fernelmont,nis_2019_2024,92138,Fernelmont,nis_2025,2019-01-01,unchanged,https://statbel.fgov.be/sites/default/files/Over_Statbel_FR/Nomenclaturen/REFNIS_2025.csv
92140,Jemeppe-sur-Sambre,nis_2019_2024,92140,Jemeppe-sur-Sambre,nis_2025,2019-01-01,unchanged,https://statbel.fgov.be/sites/default/files/Over_Statbel_FR/Nomenclaturen/REFNIS_2025.csv
92141,La Bruyère,nis_2019_2024,92141,La Bruyère,nis_2025,2019-01-01,unchanged,https://statbel.fgov.be/sites/default/files/Over_Statbel_FR/Nomenclaturen/REFNIS_2025.csv
92142,Gembloux,nis_2019_2024,92142,Gembloux,nis_2025,2019-01-01,unchanged,https://statbel.fgov.be/sites/default/files/Over_Statbel_FR/Nomenclaturen/REFNIS_2025.csv
93010,Cerfontaine,nis_2019_2024,93010,Cerfontaine,nis_2025,2019-01-01,unchanged,https://statbel.fgov.be/sites/default/files/Over_Statbel_FR/Nomenclaturen/REFNIS_2025.csv
93014,Couvin,nis_2019_2024,93014,Couvin,nis_2025,2019-01-01,unchanged,https://statbel.fgov.be/sites/default/files/Over_Statbel_FR/Nomenclaturen/REFNIS_2025.csv
93018,Doische,nis_2019_2024,93018,Doische,nis_2025,2019-01-01,unchanged,https://statbel.fgov.be/sites/default/files/Over_Statbel_FR/Nomenclaturen/REFNIS_2025.csv
93022,Florennes,nis_2019_2024,93022,Florennes,nis_2025,2019-01-01,unchanged,https://statbel.fgov.be/sites/default/files/Over_Statbel_FR/Nomenclaturen/REFNIS_2025.csv
93056,Philippeville,nis_2019_2024,93056,Philippeville,nis_2025,2019-01-01,unchanged,https://statbel.fgov.be/sites/default/files/Over_Statbel_FR/Nomenclaturen/REFNIS_2025.csv
93088,Walcourt,nis_2019_2024,93088,Walcourt,nis_2025,2019-01-01,unchanged,https://statbel.fgov.be/sites/default/files/Over_Statbel_FR/Nomenclaturen/REFNIS_2025.csv
93090,Viroinval,nis_2019_2024,93090,Viroinval,nis_2025,2019-01-01,unchanged,https://statbel.fgov.be/sites/default/files/Over_Statbel_FR/Nomenclaturen/REFNIS_2025.csv
